SPECIES,DATE,STATE,TIME,LOC,LAT,LONG,RECAP,BAND_PR,BAND_N,L,R,AGE,SEX,WT,FAT,BM,BILL_L,BILL_W,BILL_D,WING,TARS,TAIL,RFID,GEOLOCATOR_ID,FEEDER,BANDER,NOTES
PABU,2019-05-22,NC,1024,BHI,NA,NA,N ,2811,18500,B,A/B,AHY,F,NA,NA,NA,NA,NA,NA,NA,NA,NA,01103F504E,BT282,BHI2,AJS,NA
PABU,2019-05-22,NC,1200,BHI,NA,NA,N,2811,18499,B,A/B,ASY,M,16.2,NA,NA,7.34,5,5.45,68,16.23,55,01103F7C39,BT212,BHI2,AJS,NA
PABU,2019-05-22,NC,1605,BHI,NA,NA,N ,2811,18498,B,A/B,ASY,M,NA,NA,NA,7.12,4.81,6.15,70,17.34,57,01103F7F6B,BT224,BHI2,AJS,NA
PABU,2019-05-22,NC,1619,BHI,NA,NA,N,2811,18497,B,A/B,ASY,M,NA,NA,NA,6.91,4.72,6.11,67,17.71,55,01103F83CC,BT208,BHI2,AJS,NA
PABU,2019-05-22,NC,1625,BHI,NA,NA,R,1831,45746,A/(Y/R),K/W,ASY,M,NA,NA,NA,8.25,4.74,6.57,70,15.78,56,NA,BT242,BHI2,AJS,LATER TOOK THIS GEO OFF AND REPLACED WITH BT232 BECAUSE IT WAS OFF CENTER. WILL DEPLOY 242 LATER
PABU,2019-05-22,NC,1631,BHI,NA,NA,N,2811,18496,B,A/B,ASY,M,NA,NA,NA,7.09,5.37,5.83,72,17.92,60,01103F3DEO,BT243,BHI2,AJS,NA
PABU,2019-05-23,NC,1440,BHI,NA,NA,N ,2811,18495,B,A/B,ASY,M,NA,NA,NA,6.93,4.85,5.86,68,16.57,56,01103F777D,BT240,BHI1,AJS,NA
PABU,2019-05-23,NC,1456,BHI,NA,NA,R,2000,81629,A/(R/Y),G,ASY,M,16.6,NA,NA,8.2,4.89,6.67,69,18.85,56,NA,BT219,BHI1,AJS,NA
PABU,2019-05-23,NC,1528,BHI,NA,NA,R,1831,45738,A/(Y/R),B,ASY,M,15.9,NA,NA,8.29,5.51,6.22,70,19.37,58,NA,BT225,BHI1,AJS,NA
PABU,2019-05-24,NC,815,BHI,NA,NA,N,2811,18494,B,A,SY,M,15.2,NA,NA,8.07,5.36,6.34,69,18.61,54,01103F78CA,NA,BH1,CJS,NA
PABU,2019-05-25,NC,804,BHI,NA,NA,R,2591,03885,B/G,(Y/R)/A,ASY,M,16.1,NA,NA,7.74,4.94,6.24,69,18.48,56,NA,BT231,BH2,AJS,NA
PABU,2019-05-25,NC,1815,BHI,NA,NA,N,2811,18493,B,A,SY,M,17.2,NA,NA,7.76,5.23,5.93,69,16.4,56,01103F409A,NA,BH1,AJS,NA
PABU,2019-05-26,NC,737,BHI,NA,NA,N ,2811,18492,B,A,SY,M,NA,NA,NA,7.22,4.39,5.42,70,16.79,53,01103F40A7,NA,BH3,AJS,NA
PABU,2019-05-26,NC,744,BHI,NA,NA,N,2811,18491,B,A,SY,M,15.3,NA,NA,7.62,4.92,6.33,65,18.04,51,01103F6313,NA,BH3,CJS,NA
PABU,2019-05-26,NC,756,BHI,NA,NA,N ,2811,18490,B,A/B,AHY,F,NA,NA,NA,7.83,4.91,5.29,66,16.64,51,01103F7AE7,BT268,BH3,AJS,NA
PABU,2019-05-26,NC,921,BHI,NA,NA,N,2811,18489,B,A/B,AHY,F,16.4,NA,NA,6.91,5.14,6.01,67,16.52,53,01103F5976,BT290,BH3,AJS,NA
PABU,2019-05-26,NC,1700,BHI,NA,NA,R,1831,45746,A/(Y/R),K/W,ASY,M ,NA,NA,NA,NA,NA,NA,NA,NA,NA,NA,BT232,BH3,AJS,"RECAP, GEO WAS OFF-CENTER SO WE CUT OFF BT242 AND REPLACED WITH BT 232"
PABU,2019-05-26,NC,1723,BHI,NA,NA,R,2511,40532,A/(Y/R),GRAY,ASY,M,16.8,NA,NA,7.98,4.7,5.79,72,18.26,56,NA,NA,BH3,AJS,"MISSING ALL TOES ON R, NO GEO APPLIED"
PABU,2019-05-27,NC,750,BHI,NA,NA,N ,2811,18488,B,A/B,AHY,F,15.5,NA,NA,6.78,5.43,4.27,62,16.33,50,01103F5CF0,BT275,BH4,AJS,NA
PABU,2019-05-27,NC,815,BHI,NA,NA,N,2811,18487,B,A,SY,M,16.5,NA,NA,7.15,5.78,5.02,68,17.12,55,01103F6B40,NA,BH4,AJS,NA
PABU,2019-05-27,NC,832,BHI,NA,NA,N ,2811,18486,B,A,SY,M,16.5,NA,NA,7.85,5.19,6.22,67,19.02,54,01103F51CA,NA,BH4,CJS,NA
PABU,2019-05-27,NC,843,BHI,NA,NA,N,2811,18485,B,A,SY,M,16.7,NA,NA,8.3,5.7,6.55,68,18.48,58,01103F84F7,NA,BH4,CJS,NA
PABU,2019-05-27,NC,847,BHI,NA,NA,N ,2811,18484,B,A/B,ASY,M,16.6,NA,NA,7.09,4.97,5.07,69,16.82,59,01103F8DA9,BT242,BH4,AJS,THIS GEO WAS CUT OFF A BIRD YESTERDAY AND REAPPLIED TODAY
PABU,2019-05-27,NC,923,BHI,NA,NA,N,2811,18483,B,A/B,ASY,M,16.3,NA,NA,7.75,5.32,6.45,72,18.31,57,01103F573D,BT250,BH4,AJS,FEMALE GEO ON MALE; 
PABU,2019-05-27,NC,1004,BHI,NA,NA,N ,2811,18482,B,A,SY,M,16.1,NA,NA,7.31,5.02,6.56,69,19.59,55,01103F4E5F,NA,BH4,CJS,NA
PABU,2019-05-27,NC,1043,BHI,NA,NA,N,2811,18481,B,A,SY,M,14.8,NA,NA,7.77,4.83,6.06,66,18.86,59,01103F8146,NA,BH4,CJS,"RECENTLY HEALED INJURY ON SCALP, DOUBLE-CHECKED WEIGHT"
PABU,2019-05-27,NC,1150,BHI,NA,NA,N ,2811,18480,B,A/B,AHY,F,16.4,NA,NA,7.64,5.22,6.17,64,17.81,51,01103F8D51,BT255,BH4,AJS,NA
PABU,2019-05-27,NC,1530,BHI,NA,NA,N,2811,18479,B,A,SY,M,17.8,NA,NA,8.32,5.33,6.22,69,19.06,54,01103F7AC3,NA,BH1,CJS,NA
PABU,2019-05-27,NC,1732,BHI,NA,NA,N ,2811,18478,B,A/B,ASY,M,15.6,NA,NA,7.49,4.69,6.16,68,17.72,55,01103F4440,BT277,BH1,AJS,"FEMALE GEO ON MALE, HAD SOME SKIN DISEASE ON SCALP"
PABU,2019-05-28,NC,750,BHI,NA,NA,R,2521,33215,Y,A/R,ASY,F,15.1,NA,NA,6.98,4.46,5.76,66,16.38,52,NA,BT274,BH2,AJS,NA
PABU,2019-05-29,SC,910,SPIS,NA,NA,N ,2811,18477,R,A/R,AHY,F,15.3,NA,NA,7,4.73,5.54,67,19,57,01103F6805,BT251,NACE,AJS,NA
PABU,2019-05-29,SC,1047,SPIS,NA,NA,N,2811,18476,R,R/A,AHY,F,14.9,NA,NA,9.21,5.17,6.09,65,17.52,52,01103F4A5A,BT288,NACE,AJS,NA
PABU,2019-05-29,SC,1202,SPIS,NA,NA,N ,2811,18475,R,R/A,ASY,F,14.8,NA,NA,7.71,5.19,5.76,64,NA,57,01103F879A,BT289,NACE,AJS,NA
PABU,2019-05-29,SC,1615,SPIS,NA,NA,R,2521,44800,R,R/A,ASY,F,14.2,NA,NA,7.62,4.1,5.24,65,17.7,50,01103F6A91,BT254,NACE,AJS,NA
PABU,2019-05-29,SC,1630,SPIS,NA,NA,N ,2811,18474,R,A,SY,M,15.3,NA,NA,NA,NA,NA,NA,NA,NA,01103F8B8B,NA,NACE,CJS,PROCESSED QUICKLY SO WE COULD WORK ON THE GEO BIRD
PABU,2019-05-30,SC,800,SPIS,NA,NA,N,2811,18473,R,A,SY,F,16.7,NA,NA,7.1,4.16,5.6,64,16.46,54,01103F78DA,NA,WEST,AJS,NA
PABU,2019-05-30,SC,814,SPIS,NA,NA,N ,2811,18472,R,A,SY,M,14.9,NA,NA,8.47,6.38,6.47,68,18.67,55,01103F595A,NA,WEST,CJS,NA
PABU,2019-05-30,SC,850,SPIS,NA,NA,N,2811,18471,R,A,SY,M,14.4,NA,NA,8.03,4.96,6.36,68,17.94,59,01103F5316,NA,WEST,CJS,NA
PABU,2019-05-30,SC,908,SPIS,NA,NA,N ,2811,18470,R,R/A,ASY,F,17.1,NA,NA,7.53,4.96,5.72,66,18.35,53,01103F5F38,BT293,WEST,AJS,NA
PABU,2019-05-30,SC,920,SPIS,NA,NA,N,2811,18469,R,R/A,AHY,F,15.7,NA,NA,6.91,5.09,6.41,64,16.89,52,01103F6741,BT278,WEST,AJS,NA
PABU,2019-05-30,SC,938,SPIS,NA,NA,N ,2811,18468,R,R/A,ASY,F,14.2,NA,NA,7.69,5.1,5.68,65,18,54,01103F88AC,BT260,WEST,AJS,NA
PABU,2019-05-30,SC,1002,SPIS,NA,NA,R,2631,02685,R,R/A,ASY,F,14.1,NA,NA,8.24,4.97,5.85,67,17.61,59,01103F5890,BT299,WEST,AJS,BLUE BODY FEATHERS
PABU,2019-05-30,SC,1007,SPIS,NA,NA,R,2631,02696,R,R/A,ASY,F,14.6,NA,NA,7.4,5.27,6.03,66,17.42,53,01103F5ACB,BT264,WEST,AJS,NA
PABU,2019-05-30,SC,1013,SPIS,NA,NA,R,2631,02686,R,A,ASY,F,15.3,NA,NA,8.79,5.24,6.08,66,19.08,53,01103F820D,NA,WEST,CJS,NA
PABU,2019-05-30,SC,1328,SPIS,NA,NA,N ,2811,18467,R,A,SY,M,14.8,NA,NA,8.26,4.68,6.17,66,18.58,60,01103F854F,NA,WEST,CJS,PEANUT
PABU,2019-05-30,SC,1520,SPIS,NA,NA,R,2631,02690,R/A,A,ASY,M,16.4,NA,NA,8.16,4.5,5.81,71,17.38,55,01103F81E9,BT216,WEST,AJS,BALDY
PABU,2019-05-31,SC,912,SPIS,NA,NA,N ,2811,18466,R,A,SY,M,15.6,NA,NA,8.8,5.18,6.78,68,19.35,58,01103F8C74,NA,COOP,CJS,NA
PABU,2019-05-31,SC,1755,SPIS,NA,NA,N,2811,18465,R,A,SY,F,15.9,NA,NA,7.95,5.5,5.92,66,17.98,59,01103F525E,NA,NACE,CJS,NA
PABU,2019-05-31,SC,1800,SPIS,NA,NA,N ,2811,18464,R,A,SY,M,16.5,NA,NA,8.39,5.79,6.45,67,19.61,59,01103F62DA,NA,NACE,CJS,NA
PABU,2019-05-31,SC,1805,SPIS,NA,NA,R,2521,44795,R/A,R,ASY,M,15.7,NA,NA,7.91,4.6,5.91,70,18.66,55,01103F5DCA,BT285,NACE,AJS,"ADDED R OVER A, recovered BN959"
PABU,2019-05-31,SC,1905,SPIS,NA,NA,R,2521,44772,R/A,R,ASY,M,16.3,NA,NA,7.22,4.25,6.5,70,16.56,56,01103F4449,BT234,NACE,AJS,"ADDED R OVER A, recovered BP038"
PABU,2019-05-31,SC,1931,SPIS,NA,NA,R,2521,44776,R/A,R,ASY,M,16.4,NA,NA,7.76,4.87,5.93,72,16,58,01103F6EE4,BT238,NACE,AJS,"ADDED R OVER A,recovered BP026"
PABU,2019-05-31,SC,1947,SPIS,NA,NA,N ,2811,18463,A,R/A,ASY,F,16.2,NA,NA,7.52,4.37,5.16,66,17.6,55,01103F528E,BT295,NACE,AJS,NA
PABU,2019-06-01,SC,740,SPIS,NA,NA,N,2811,18462,R,A,SY,M,15.7,NA,NA,7.81,5.33,6.82,66,19.04,53,01103F4230,NA,NEAL,CJS,NA
PABU,2019-06-01,SC,808,SPIS,NA,NA,N ,2811,18461,R,A,SY,M,15.1,NA,NA,8.26,5.6,6.82,68,18.81,54,01103F40B4,NA,NEAL,CJS,NA
PABU,2019-06-01,SC,843,SPIS,NA,NA,R,2521,44775,R,R/A,ASY,F,15.2,NA,NA,7.31,4.74,5.92,66,17.72,54,01103F4CFC,BT276,NEAL,AJS,LAST FEMALE GEO FOR SC
PABU,2019-06-01,SC,935,SPIS,NA,NA,N ,2811,18460,R,A,ASY,F,17.3,NA,NA,7.85,5.74,6.5,66,19.16,56,01103F53A3,NA,NEAL,CJS,NA
PABU,2019-06-02,SC,731,SPIS,NA,NA,N,2811,18459,R,A,ASY,F,14.1,NA,NA,7.62,5.48,6.53,64,17.93,58,01103F73D7,NA,HOUS,CJS,NA
PABU,2019-06-02,SC,815,SPIS,NA,NA,N,2811,18458,R,A,ASY,F,15,NA,NA,7.61,5.04,6.08,65,19.39,55,01103F6EC8,NA,HOUS,CJS,NA
PABU,2019-06-02,SC,1115,SPIS,NA,NA,N,2811,18457,R,A,SY,F,16.1,NA,NA,8.31,5.33,6.37,66,19.08,61,0700EDB191,NA,HOUS,CJS,NA
PABU,2019-06-02,SC,1610,SPIS,NA,NA,R,2521,44770,R/A,R,ASY,M,NA,NA,NA,8.28,4.4,6.01,69,17.32,54,01103F7956,BT222,HOUS,AJS,"ADDED R OVER A, recovered BP015, FORGOT TO WEIGH"
PABU,2019-06-02,SC,1637,SPIS,NA,NA,N,2811,18456,R,A,SY,M,15.9,NA,NA,8.52,5.22,6.27,67,18.98,60,01103F49CF,NA,HOUS,CJS,NA
PABU,2019-06-03,SC,820,SPIS,NA,NA,N,2811,18455,R,A,ASY,F,14.2,NA,NA,8.25,5.19,6.36,65,18.37,54,01103F7DF8,NA,HOUS,CJS,NA
PABU,2019-06-03,SC,945,SPIS,NA,NA,N,2811,18454,R,A,SY,M,15.7,NA,NA,8.78,5.35,6.36,67,18.96,59,01103F4F9B,NA,HOUS,CJS,NA
PABU,2019-06-03,SC,1650,SPIS,NA,NA,N,2811,18453,R,A,SY,F,14.6,NA,NA,8.28,6.43,4.97,62,17.52,61,01103F6220,NA,WEST,CJS,NA
PABU,2019-06-03,SC,1703,SPIS,NA,NA,N,2811,18452,R,A,SY,F,14,NA,NA,7.66,5.35,6.09,64,18.99,59,01103F8575,NA,WEST,CJS,NA
PABU,2019-06-03,SC,1735,SPIS,NA,NA,N,2811,18451,R,A,SY,M,15.5,NA,NA,8.16,5.55,6.44,65,19.5,56,01103F8683,NA,WEST,CJS,NA
PABU,2019-06-03,SC,1747,SPIS,NA,NA,N,2811,18201,R,R/A,ASY,M,16.5,NA,NA,7.38,4.94,5.7,71,17.94,58,01103F6B38,BT230,WEST,AJS,NA
PABU,2019-06-03,SC,1840,SPIS,NA,NA,R,2631,02691,R,A,ASY,F,13.5,NA,NA,8.42,5.35,6.24,64,18.25,56,01103F4763,NA,WEST,CJS,NA
PABU,2019-06-03,SC,1920,SPIS,NA,NA,R,2631,02681,R/A,R/A,ASY,M,15.4,NA,NA,7.46,5.46,6.06,72,17.29,57,01101715B1,BT210,WEST,AJS,"ADDED R OVER A, recovered  BN985"
PABU,2019-06-04,SC,745,SPIS,NA,NA,N,2811,18202,R,A,SY,M,15.3,NA,NA,8.3,5.44,6.23,67,18.24,56,01103F6F8A,NA,BASA,CJS,NA
PABU,2019-06-04,SC,1634,SPIS,NA,NA,R,2521,44786,A,R,ASY,F,15.7,NA,NA,8.25,5.17,6.07,66,18.07,53,0700EDF573,NA,COOP,CJS,NA
PABU,2019-06-04,SC,1723,SPIS,NA,NA,N,2811,18203,R,A,SY,M,16.1,NA,NA,9,5.15,6.5,66,19.41,59,01103F7EAE,NA,COOP,CJS,NA
PABU,2019-06-04,SC,1726,SPIS,NA,NA,N,2811,18204,A,R,SY,F,15.8,NA,NA,8.05,5.07,5.95,64,18.72,54,01103F51DF,NA,COOP,CJS,NA
PABU,2019-06-05,SC,1615,SPIS,NA,NA,R,2521,44785,R,A,ASY,F,14.2,NA,NA,8.08,5.44,6.22,64,19.33,59,01103F88CD,NA,COOP,CJS,NA
PABU,2019-06-06,SC,750,SPIS,NA,NA,R,2521,44787,A,R,ASY,M,14,NA,NA,9.09,4.65,6.06,68,18.27,53,01103F892B,NA,NEAL,AJS,UNDERWEIGHT FOR GEO
PABU,2019-06-06,SC,810,SPIS,NA,NA,N,2811,18205,A,R,ASY,F,14.9,NA,NA,8.32,5.09,6.58,64,18.16,58,01103F7059,NA,NEAL,CJS,NA
PABU,2019-06-06,SC,920,SPIS,NA,NA,N,2811,18206,A,R,SY,M,14.7,NA,NA,7.61,5.03,6.42,64,18.32,50,01103F868D,NA,NEAL,CJS,NA
PABU,2019-06-06,SC,1818,SPIS,NA,NA,R,2521,44790,R,A,ASY,F,16.4,NA,NA,8.02,4.92,6.13,66,18.19,61,01103F5CDB,NA,COOP,CJS,NA
PABU,2019-06-07,SC,815,SPIS,NA,NA,N,2811,18207,R,A,SY,F,14.9,NA,NA,8.52,5.37,6.38,66,18.7,53,01103F58C4,NA,WEST,CJS,NA
PABU,2019-06-07,SC,1750,SPIS,NA,NA,N,2811,18208,B,R/A,ASY,M,16.6,NA,NA,7.29,5.5,6.1,71,18.36,61,01103F8E40,BT204,COOP,AJS,NA
PABU,2019-06-07,SC,1925,SPIS,NA,NA,N,2811,18209,B,R/A,ASY,M,17,NA,NA,7.64,4.9,5.9,68,16.83,58,01103F4E3A,BT211,COOP,AJS,NA
PABU,2019-06-08,SC,930,SPIS,NA,NA,R,2631,02683,A,B,SY,M,15.3,NA,NA,8.46,4.83,6.65,68,19.3,55,01103F7EF7,NA,WEST,CJS,NA
PABU,2019-06-08,SC,1045,SPIS,NA,NA,R,2631,02694,B,R/A,ASY,M,15.2,NA,NA,8.15,5.67,6.03,68,16.34,55,01103F5493,BT235,WEST,AJS,NA
PABU,2019-06-08,SC,1126,SPIS,NA,NA,R,2631,02698,B,R/A,ASY,M,14.7,NA,NA,7.68,5.3,6.3,69,16.85,55,01103F8B18,BT236,WEST,AJS,NA
PABU,2019-06-08,SC,1720,SPIS,NA,NA,N,2811,18210,B,A,SY,M,14,NA,NA,7.9,5.17,6.18,66,17.87,56,01103F57DB,NA,WEST,CJS,NA
PABU,2019-06-09,SC,700,SPIS,NA,NA,R,2631,02695,A,B,ASY,M,15.8,NA,NA,8.19,5.29,6.36,68,18.75,59,01103F6B3D,NA,WEST,CJS,recovered BP030
PABU,2019-06-09,SC,750,SPIS,NA,NA,N,2811,18211,A,B,SY,M,15,NA,NA,7.67,5.12,6,69,18.17,62,01103F3EAF,NA,WEST,CJS,NA
PABU,2019-06-13,SC,752,SPIS,NA,NA,N,2811,18212,B,A,ASY,M,16.7,NA,NA,7.94,5.15,6.24,70,18.43,57,01103F7CB8,NA,NEAL,AJS,HARVEY DENT 
PABU,2019-06-13,SC,1920,SPIS,NA,NA,N,2811,18213,B,A,ASY,M,16.6,NA,NA,8.47,5.54,6.45,72,18.5,59,01103F81EF,NA,NEAL,CJS,NA
PABU,2019-06-14,SC,1158,SPIS,NA,NA,N,2811,18214,B,A,ASY,F,18.5,NA,NA,7.71,4.65,5.86,65,16.35,51,01103F47F8,NA,NACE,AJS,NA
PABU,2019-06-15,SC,1600,SPIS,NA,NA,N,2811,18215,A,B,SY,M,18.37,NA,NA,7.88,5.16,5.97,66,18.37,55,01103F8DBC,NA,BASA,CJS,NA
PABU,2019-06-16,SC,1745,SPIS,NA,NA,N,2811,18216,A,B,ASY,M,15,NA,NA,7.67,5.19,5.83,68,17.94,60,01103F8139,NA,WEST,CJS,NA
PABU,2019-06-18,FL,1843,LTSP,NA,NA,N,2811,18217,G,A,SY,F,NA,NA,NA,8.42,5.47,6.36,63,19.06,53,10013F4FD5,NA,KATH,CJS,NA
PABU,2019-06-18,FL,1848,LTSP,NA,NA,N,2811,18218,NA,A,HY,U,14.2,NA,NA,7.77,5.26,6.11,63,19.08,55,NA,NA,KATH,CJS,NA
PABU,2019-06-18,FL,1850,LTSP,NA,NA,N,2811,18219,G,A,SY,M,15.6,NA,NA,8.26,5.38,6.41,66,19.44,55,01103F80C0,NA,KATH,CJS,NA
PABU,2019-06-18,FL,1900,LTSP,NA,NA,N,2811,18220,G,A,SY,M,16.7,NA,NA,8.53,5.39,6.19,70,19.12,58,01103F5A04,NA,KATH,CJS,NA
PABU,2019-06-18,FL,1910,LTSP,NA,NA,N,2811,18221,G,A,SY,M,15.2,NA,NA,8.19,5.43,6.32,65,18.4,58,01103F6088,NA,KATH,CJS,NA
PABU,2019-06-18,FL,1911,LTSP,NA,NA,N,2811,18222,G,A,SY,M,15.3,NA,NA,8,5.44,6.12,68,18.53,56,01103F5746,NA,KATH,CJS,NA
PABU,2019-06-18,FL,1915,LTSP,NA,NA,N,2811,18223,G,A,SY,M,14.9,NA,NA,8.3,5.22,6.07,68,17.49,58,01103F812F,NA,KATH,CJS,NA
PABU,2019-06-18,FL,1917,LTSP,NA,NA,N,2811,18224,G,A,SY,M,15.9,NA,NA,7.77,5.69,6.22,66,19.1,53,01103F7961,NA,KATH,CJS,NA
PABU,2019-06-18,FL,1922,LTSP,NA,NA,R,2631,02645,G,A,ASY,F,15.2,NA,NA,6.88,5.2,5.9,65,15.5,55,01103F42B0,NA,KATH,AJS,NA
PABU,2019-06-18,FL,1935,LTSP,NA,NA,R,2020,49019,A,Y,ASY,M,14.4,NA,NA,7.22,4.93,5.73,69,16,56,NA,NA,KATH,AJS,RECOVERED BF519
PABU,2019-06-18,FL,1935,LTSP,NA,NA,N,2811,18225,NA,A,SY,M,NA,NA,NA,NA,NA,NA,NA,NA,NA,NA,NA,KATH,AJS,NA
PABU,2019-06-18,FL,1943,LTSP,NA,NA,N,2811,18226,G,A,SY,F,NA,NA,NA,NA,NA,NA,NA,NA,NA,01103F5B7A,NA,KATH,CJS,NA
PABU,2019-06-18,FL,1947,LTSP,NA,NA,N,2811,18227,G,A,SY,M,17.2,NA,NA,7.84,4.7,6.16,55,17.52,55,01103F60B5,NA,KATH,AJS,NA
PABU,2019-06-19,FL,705,LTSP,NA,NA,N,2811,18228,G,A,SY,M,15,NA,NA,8.13,5.5,6.66,68,17.93,55,01103F8BFF,NA,KATH,CJS,NA
PABU,2019-06-19,FL,715,LTSP,NA,NA,N,2811,18229,G,A,SY,F,16.2,NA,NA,8.26,5.8,6.21,64,19.56,53,01103F46B5,NA,KATH,CJS,NA
PABU,2019-06-19,FL,727,LTSP,NA,NA,N,2811,18230,G,A,SY,M,16.8,NA,NA,8.24,5.84,6.49,67,18.92,54,01103F8AAA,NA,KATH,CJS,NA
PABU,2019-06-19,FL,738,LTSP,NA,NA,R,2631,02645,G,G/A,ASY,F,15.2,NA,NA,NA,NA,NA,NA,NA,NA,NA,BT296,KATH,AJS,RECAP FROM YESTERDAY
PABU,2019-06-19,FL,745,LTSP,NA,NA,N,2811,18231,G,A,ASY,M,14.2,NA,NA,NA,NA,NA,NA,NA,NA,01103F55E1,NA,KATH,CJS,NA
PABU,2019-06-19,FL,746,LTSP,NA,NA,N,2811,18232,G,A,SY,M,NA,NA,NA,NA,NA,NA,NA,NA,NA,01103F82AC,NA,KATH,AJS,NA
PABU,2019-06-19,FL,753,LTSP,NA,NA,N,2811,18233,G,A,SY,F,NA,NA,NA,NA,NA,NA,NA,NA,NA,01103F761C,NA,KATH,CJS,NA
PABU,2019-06-19,FL,753,LTSP,NA,NA,R,2631,02649,G,A,ASY,M,14.9,NA,NA,8.17,5.35,6.39,70,17.82,61,01103F7D6E,NA,KATH,CJS,NA
PABU,2019-06-19,FL,815,LTSP,NA,NA,R,2631,02641,G,G/A,ASY,F,14.1,NA,NA,7.71,4.6,5.39,65,17.64,54,01103F403A,BT265,KATH,AJS,NA
PABU,2019-06-19,FL,853,LTSP,NA,NA,R,2631,2637,G/A,G,ASY,M,15.6,NA,NA,7.32,4.81,6.13,69,18.26,55,01103F3DAF,BT228,KATH,AJS,RECOVERED BN992
PABU,2019-06-19,FL,859,LTSP,NA,NA,N,2811,18234,G,A,SY,M,NA,NA,NA,NA,NA,NA,NA,NA,NA,01103F5E7B,NA,KATH,CJS,NA
PABU,2019-06-19,FL,906,LTSP,NA,NA,R,2631,02662,G,A,ASY,M,14.2,NA,NA,NA,NA,NA,NA,NA,NA,01103F7763,NA,KATH,CJS,NA
PABU,2019-06-19,FL,911,LTSP,NA,NA,R,2631,02677,G/A,G,ASY,M,15.4,NA,NA,7.24,5.24,5.84,67,17.92,55,01103F459E,BT200,KATH,AJS,NA
PABU,2019-06-19,FL,935,LTSP,NA,NA,N,2811,18235,G,A,SY,M,16.2,NA,NA,8.34,5.21,6.38,66,19.1,55,01103F4CD4,NA,KATH,CJS,NA
PABU,2019-06-19,FL,1030,LTSP,NA,NA,N,2811,18236,G,A,SY,M,15.1,NA,NA,7.66,5.1,6.12,68,18.64,55,01103F3C8C,NA,KATH,CJS,NA
PABU,2019-06-19,FL,1031,LTSP,NA,NA,N,2811,18237,G,A,SY,F,14.9,NA,NA,8.14,5.42,6.06,64,18.56,55,01103F7D7E,NA,KATH,CJS,NA
PABU,2019-06-19,FL,1031,LTSP,NA,NA,N,2811,18238,G,A,SY,M,14.3,NA,NA,7.93,5.8,6.27,65,17.56,57,01103F4E57,NA,KATH,CJS,NA
PABU,2019-06-19,FL,1050,LTSP,NA,NA,N,2811,18239,G,G/A,ASY,M,15.5,NA,NA,8.14,4.7,5.71,68,17.64,55,01103F7FF2,BT226,KATH,AJS,NA
PABU,2019-06-19,FL,1055,LTSP,NA,NA,N,2811,18241,G,A,SY,M,15,NA,NA,8,5.02,6.29,69,18.51,56,01103F547F,NA,KATH,CJS,NA
PABU,2019-06-19,FL,1100,LTSP,NA,NA,N,2811,18240,G,A,SY,F,15,NA,NA,8.3,5.54,6.49,63,18.6,55,01103F3C8F,NA,KATH,CJS,NA
PABU,2019-06-19,FL,1120,LTSP,NA,NA,N,2811,18242,G,A,SY,M,14.9,NA,NA,8.06,5.24,6.27,67,18.87,55,01103F6266,NA,KATH,CJS,NA
PABU,2019-06-19,FL,1130,LTSP,NA,NA,N,2811,18243,G,A,SY,M,15.1,NA,NA,7.83,5.42,6.29,66,18.07,60,01103F3B72,NA,KATH,CJS,NA
PABU,2019-06-19,FL,1205,LTSP,NA,NA,N,2811,18244,NA,A,SY,M,15.1,NA,NA,8.57,5.61,6.25,67,18.62,57,NA,NA,KATH,CJS,NA
PABU,2019-06-19,FL,1735,LTSP,NA,NA,R,2020,49006,NA,A,ASY,M,16.8,NA,NA,7.81,5.15,6.16,72,18.3,65,NA,NA,KATH,AJS,RECOVERED BP042
PABU,2019-06-19,FL,1750,LTSP,NA,NA,R,2631,02632,NA,G/A,ASY,F,15.2,NA,NA,8.22,4.96,5.73,63,16.4,52,NA,BT279,KATH,AJS,NA
PABU,2019-06-19,FL,1803,LTSP,NA,NA,R,2631,02642,G/A,NA,ASY,M,16.7,NA,NA,6.4,4.7,5.56,66,18,53,NA,BT215,KATH,AJS,RECOVERED BP007
PABU,2019-06-19,FL,1846,LTSP,NA,NA,R,2631,02647,NA,G/A,ASY,F,18.5,NA,NA,7.47,4.95,5.72,66,16.7,56,NA,BT283,KATH,AJS,NA
PABU,2019-06-19,FL,1856,LTSP,NA,NA,N,2811,18245,G,A,SY,M,14.2,NA,NA,8.63,5.6,6.01,66,18.94,57,01103F7CE2,NA,KATH,CJS,NA
PABU,2019-06-19,FL,1953,LTSP,NA,NA,R,2811,18231,G,G/A,ASY,M,15.3,NA,NA,NA,NA,NA,NA,NA,NA,NA,BT223,KATH,AJS,NA
PABU,2019-06-19,FL,1953,LTSP,NA,NA,R,2631,02657,NA,G/A,ASY,F,15.8,NA,NA,NA,NA,NA,NA,NA,NA,NA,BT298,KATH,AJS,NA
PABU,2019-06-19,FL,2001,LTSP,NA,NA,R,2020,49019,A,NA,ASY,M,14.4,NA,NA,NA,NA,NA,NA,NA,NA,NA,NA,KATH,AJS,NA
PABU,2019-06-19,FL,2010,LTSP,NA,NA,R,2631,02655,NA,G/A,ASY,F,16.5,NA,NA,NA,NA,NA,NA,NA,NA,NA,BT291,KATH,AJS,NA
PABU,2019-06-19,FL,2020,LTSP,NA,NA,N,2811,18246,NA,G/A,ASY,M,16.5,NA,NA,NA,NA,NA,NA,NA,NA,NA,BT239,KATH,AJS,NA
PABU,2019-06-19,FL,2025,LTSP,NA,NA,R,2631,02636,NA,G/A,ASY,F,15,NA,NA,NA,NA,NA,NA,NA,NA,NA,BT287,KATH,AJS,NA
PABU,2019-06-20,FL,740,LTSP,NA,NA,R,2020,49015,G/A,NA,ASY,M,15,NA,NA,7.67,4.65,5.8,70,16.18,55,NA,BT229,KATH,AJS,RECOVERED BP041
PABU,2019-06-20,FL,945,LTSP,NA,NA,N,2811,18247,NA,A,SY,M,15.3,NA,NA,8.4,5.77,5.83,67,17.49,55,NA,NA,KATH,CJS,NA
PABU,2019-06-20,FL,1720,LTSP,NA,NA,R,2631,02660,NA,A,SY,M,15.5,NA,NA,8.14,5.44,6.37,65,18.68,53,NA,NA,KATH,CJS,NA
PABU,2019-06-20,FL,1827,LTSP,NA,NA,N,2811,18248,NA,A,SY,F,19.7,NA,NA,7.42,5.27,6.05,65,17.27,53,NA,NA,KATH,AJS,NA
PABU,2019-06-24,FL,940,LTSP,NA,NA,N,2811,18249,G,A,SY,M,15.2,NA,NA,8.41,4.72,6.04,66,17.81,53,01103F6FCD,NA,RANG,CJS,NA
PABU,2019-06-24,FL,950,LTSP,NA,NA,R,2631,02666,G,G/A,ASY,F,18.1,NA,NA,7.68,4.1,6.15,67,17.99,56,01103F800C,BT286,RANG,AJS,NA
PABU,2019-06-24,FL,950,LTSP,NA,NA,N,2811,18250,G,A,SY,F,NA,NA,NA,NA,NA,NA,NA,NA,NA,01103F66F8,NA,RANG,CJS,NA
PABU,2019-06-24,FL,1000,LTSP,NA,NA,N,2811,18251,G,A,SY,M,NA,NA,NA,NA,NA,NA,NA,NA,NA,01103F583D,NA,RANG,CJS,NA
PABU,2019-06-24,FL,1015,LTSP,NA,NA,R,2631,02656,G,G/A,ASY,F,15.8,NA,NA,8.26,5.07,5.89,63,18.66,52,01103F8923,BT262,RANG,AJS,NA
PABU,2019-06-24,FL,1045,LTSP,NA,NA,R,2631,02674,G,G/A,ASY,F,16.1,NA,NA,8,4.66,6.19,66,18,54,01103F801F,BT292,RANG,AJS,NA
PABU,2019-06-24,FL,1123,LTSP,NA,NA,R,2631,02672,G,A,ASY,F,14.6,NA,NA,8.09,5.71,6.33,64,18.32,58,01103F55FC,NA,RANG,CJS,NA
PABU,2019-06-24,FL,1230,LTSP,NA,NA,N,2811,18252,G,A,ASY,F,16.5,NA,NA,7.09,5.53,6.42,63,17.86,52,01103F412D,NA,RANG,CJS,NA
PABU,2019-06-24,FL,1254,LTSP,NA,NA,N,2811,18253,G,A,SY,M,15.1,NA,NA,7.83,5.42,6.1,67,18,53,01103F7B9C,NA,RANG,CJS,NA
PABU,2019-06-24,FL,1254,LTSP,NA,NA,R,2631,02667,G,G/A,ASY,M,15.6,NA,NA,NA,NA,NA,NA,NA,NA,01103F8ABD,BT227,RANG,AJS,NA
PABU,2019-06-24,FL,1313,LTSP,NA,NA,N,2811,18254,G,G/A,ASY,M,16,NA,NA,NA,NA,NA,NA,NA,NA,01103F58E9,BT201,RANG,AJS,NA
PABU,2019-06-24,FL,1432,LTSP,NA,NA,R,2631,02665,G,A,ASY,F,18.2,NA,NA,7.74,5.67,6.29,64,18.46,54,01103F5AB0,NA,RANG,CJS,NA
PABU,2019-06-24,FL,1558,LTSP,NA,NA,N,2811,18255,G,G/A,ASY,M,15.8,NA,NA,NA,NA,NA,NA,NA,NA,01103F4351,BT233,RANG,AJS,NA
PABU,2019-06-24,FL,1637,LTSP,NA,NA,R,2631,02670,A,G,ASY,M,16.7,NA,NA,8.21,5.51,6.27,70,18.88,59,01103F4E1F,NA,RANG,CJS,RECOVERED BP018
PABU,2019-06-24,FL,1925,LTSP,NA,NA,R,2631,02664,G,A,ASY,M,15.6,NA,NA,8.28,5.32,5.93,68,18.71,55,01103F6015,NA,RANG,CJS, HEALED BROKEN LEFT LEG
PABU,2019-06-25,FL,1925,LTSP,NA,NA,R,2631,02671,A,G,ASY,M,16.4,NA,NA,6.6,4.46,5.53,70,17.11,55,01103F3FEB,NA,RANG,AJS,RECOVERED BP002
PABU,2019-06-26,FL,2000,LTSP,NA,NA,R,2020,49004,A,G,ASY,M,NA,NA,NA,NA,NA,NA,NA,NA,NA,01103F6455,NA,KATH,CJS,RECOVERED BN980
PABU,2019-06-26,FL,2000,LTSP,NA,NA,N,2811,18257,NA,A,ASY,F,NA,NA,NA,NA,NA,NA,NA,NA,NA,NA,NA,KATH,CJS,NA
PABU,2019-06-26,FL,2000,LTSP,NA,NA,R,2631,02660,G,A,SY,F,NA,NA,NA,NA,NA,NA,NA,NA,NA,01103F8791,NA,KATH,CJS,NA
PABU,2019-06-27,FL,1800,LTSP,NA,NA,R,2631,02648,NA,A,ASY,F,NA,NA,NA,NA,NA,NA,NA,NA,NA,NA,NA,KATH,CJS,NA
PABU,2019-06-28,FL,1745,LTSP,NA,NA,N,2811,18258,NA,A,ASY,M,15.9,NA,NA,7.82,5.4,6.06,70,18.5,56,NA,NA,KATH,CJS,NA
PABU,2019-06-28,FL,1946,LTSP,NA,NA,N,2811,18259,NA,A,SY,M,14.6,NA,NA,7.83,5.14,5.77,66,18.54,54,NA,NA,KATH,CJS,NA
PABU,2019-06-04,GA,9:45,LSSI,NA,NA,Y,2521,44755,W/A,R,ASY,M,NA,NA,NA,NA,NA,NA,NA,NA,NA,NA,NA,RH,VRG,NA
PABU,2019-06-04,GA,11:12,LSSI,NA,NA,Y,2521,44736,A,NA,ASY,M,NA,NA,NA,NA,NA,NA,NA,NA,NA,NA,NA,RH,VRG,Recovered BN999
PABU,2019-06-05,GA,7:21,LSSI,NA,NA,Y,2521,44747,A,NA,ASY,M,NA,NA,NA,NA,NA,NA,68,NA,55,,NA,RH,VRG,Recovered BP025
PABU,2019-06-05,GA,8:53,LSSI,NA,NA,Y,2521,44752,A,NA,ASY,M,NA,NA,NA,NA,NA,NA,64,NA,NA,NA,NA,RH,VRG,Recovered BP024
PABU,2019-06-05,GA,18:50,LSSI,NA,NA,Y,2521,44746,A,NA,ASY,M,NA,NA,NA,NA,NA,NA,68,NA,NA,NA,NA,RH,VRG,Recovered BN984
PABU,2019-06-05,GA,19:02,LSSI,NA,NA,Y,2521,44740,A,NA,ASY,M,NA,NA,NA,NA,NA,NA,69,NA,NA,NA,NA,RH,VRG,Recovered BP012
PABU,2019-06-05,GA,19:10,LSSI,NA,NA,Y,2521,44750,A,NA,ASY,M,NA,NA,NA,NA,NA,NA,NA,NA,NA,NA,NA,RH,VRG,Recovered BP034
PABU,2019-06-06,GA,9:30,LSSI,NA,NA,Y,2020,48913,A,NA,ASY,M,17.1,NA,NA,NA,NA,NA,68,NA,NA,NA,NA,RH,VRG,Recovered BF540
PABU,2019-06-06,GA,12:30,LSSI,NA,NA,Y,2521,48741,A,NA,ASY,M,NA,NA,NA,NA,NA,NA,NA,NA,NA,NA,NA,RH,VRG,Recovered BN991
PABU,2019-06-06,GA,12:30,LSSI,NA,NA,Y,2521,48747,A,NA,ASY,M,NA,NA,NA,NA,NA,NA,NA,NA,NA,NA,,RH,VRG,NA
PABU,2019-06-07,GA,15:23,LSSI,NA,NA,N,2811,18301,A,Y,AHY,F,15.6,NA,NA,NA,NA,NA,NA,NA,NA,011016FD64,BT259,RH,VRG,NA
PABU,2019-06-07,GA,15:23,LSSI,NA,NA,N,2811,18302,A,Y,ASY,M,16.5,NA,NA,NA,NA,NA,68,NA,54,0110170FC6,BT176,RH,VRG,NA
PABU,2019-06-07,GA,15:30,LSSI,NA,NA,N,2811,18303,A,Y,AHY,F,16.5,NA,NA,NA,NA,NA,NA,NA,NA,011017313A,BT281,RH,VRG,NA
PABU,2019-06-07,GA,15:57,LSSI,NA,NA,N,2811,18304,A,Y,ASY,M,16.4,NA,NA,NA,NA,NA,NA,NA,NA,110171031,BT199,RH,VRG,NA
PABU,2019-06-07,GA,16:05,LSSI,NA,NA,N,2811,18305,A,Y,AHY,F,16.4,NA,NA,NA,NA,NA,NA,NA,NA,0110174FEA,BR258,RH,VRG,NA
PABU,2019-06-07,GA,16:05,LSSI,NA,NA,N,2811,18306,A,Y,SY,M,16.2,NA,NA,NA,NA,NA,NA,NA,NA,0110172F12,BT220,RH,VRG,NA
PABU,2019-06-07,GA,16:10,LSSI,NA,NA,N,2811,18307,A,Y,ASY,M,16.1,NA,NA,NA,NA,NA,NA,NA,NA,0110174FC9,BT184,RH,VRG,NA
PABU,2019-06-07,GA,17:34,LSSI,NA,NA,N,2811,18308,A,Y,SY,M,15,NA,NA,NA,NA,NA,NA,NA,NA,0110174FD6,NA,Lodge,VRG,NA
PABU,2019-06-07,GA,17:38,LSSI,NA,NA,N,2811,18309,A,Y,ASY,F,15.9,NA,NA,NA,NA,NA,65,NA,52,011016FCD7,BT253,Lodge,VRG,NA
PABU,2019-06-07,GA,18:09,LSSI,NA,NA,Y,2521,44756,A,Y,ASY,M,15.9,NA,NA,NA,NA,NA,NA,NA,NA,0110174C59,NA,Lodge,VRG,Recovered BN981
PABU,2019-06-07,GA,18:24,LSSI,NA,NA,Y,2521,44750,A,Y,ASY,M,16,NA,NA,NA,NA,NA,NA,NA,NA,01101738EA,BT221,Lodge,VRG,NA
PABU,2019-06-07,GA,NA,LSSI,NA,NA,N,2811,18310,A,Y,SY,M,15.6,NA,NA,NA,NA,NA,NA,NA,NA,011016FC9F,NA,Lodge,VRG,NA
PABU,2019-06-07,GA,NA,LSSI,NA,NA,N,2811,18311,A,Y,ASY,M,14.4,NA,NA,NA,NA,NA,NA,NA,NA,110174625,BT284,Lodge,VRG,NA
PABU,2019-06-08,GA,6:52,LSSI,NA,NA,N,2020,48911,A,Y,ASY,M,16.3,NA,NA,NA,NA,NA,70,19.6,55,0110170BD2,BT214,RH,VRG,NA
PABU,2019-06-08,GA,7:21,LSSI,NA,NA,N,2811,18312,A,Y,ASY,M,15.1,NA,NA,NA,NA,NA,70,21.2,55,01101738AD,BT183,RH,VRG,NA
PABU,2019-06-08,GA,8:00,LSSI,NA,NA,N,2811,18313,A,Y,ASY,M,15.8,NA,NA,NA,NA,NA,66,20.9,56,0110171E9D,BT207,RH,VRG,NA
PABU,2019-06-08,GA,9:12,LSSI,NA,NA,N,2811,18314,A,Y,AHY,F,14.1,NA,NA,NA,NA,NA,64,NA,50,1.10E+11,BT269,Lodge,VRG,NA
PABU,2019-06-08,GA,9:28,LSSI,NA,NA,Y,2521,44758,A,Y,ASY,M,16.5,NA,NA,NA,NA,NA,71,NA,52,0110174D43,BT206,Lodge,VRG,NA
PABU,2019-06-08,GA,10:00,LSSI,NA,NA,N,2811,18315,A,Y,ASY,F,18,NA,NA,NA,NA,NA,65,NA,43,0110173CEE,BT266,Lodge,VRG,NA
PABU,2019-06-08,GA,10:18,LSSI,NA,NA,N,2811,18316,A,Y,AHY,F,14.3,NA,NA,NA,NA,NA,63,NA,48,0110174A6E,BT272,Lodge,VRG,NA
PABU,2019-06-08,GA,11:00,LSSI,NA,NA,Y,2521,44762,A,Y,ASY,M,15.8,NA,NA,NA,NA,NA,70,NA,56,0110174DFB,BT203,Lodge,VRG,NA
PABU,2019-06-08,GA,11:17,LSSI,NA,NA,N,2811,18317,A,Y,SY,M,NA,NA,NA,NA,NA,NA,68,NA,NA,011017EC0A,NA,Lodge,VRG,NA
PABU,2019-06-08,GA,11:38,LSSI,NA,NA,N,2811,18318,A,Y,ASY,F,16.1,NA,NA,NA,NA,NA,64,NA,50,0110174D47,BT252,Lodge,VRG,NA
PABU,2019-06-08,GA,11:54,LSSI,NA,NA,N,2811,18319,A,Y,SY,F,14,NA,NA,NA,NA,NA,63,NA,NA,01101706CD,BT273,Lodge,VRG,NA
PABU,2019-06-08,GA,12:21,LSSI,NA,NA,N,2811,18320,A,Y,ASY,F,14.1,NA,NA,NA,NA,NA,65,NA,52,0110171F62,BT297,Lodge,VRG,NA
PABU,2019-06-08,GA,12:27,LSSI,NA,NA,Y,2521,NA,A,Y,ASY,F,14.8,NA,NA,NA,NA,NA,64,NA,52,011016FBAB,NA,Lodge,VRG,Didn't get band number
PABU,2019-06-08,GA,15:00,LSSI,NA,NA,N,2811,18321,A,Y,ASY,M,16.2,NA,NA,NA,NA,NA,70,NA,58,0110174DA4,BT193,Lodge,VRG,NA
PABU,2019-06-09,GA,15:50,LSSI,NA,NA,N,2811,18322,A,Y,ASY,F,NA,NA,NA,NA,NA,NA,64,NA,51,NA,NA,BR,CR,NA
PABU,2019-06-09,GA,16:00,LSSI,NA,NA,N,2811,18323,A,Y,ASY,F,NA,NA,NA,NA,NA,NA,67,NA,54,0110174BE3,NA,BR,CR,NA
PABU,2019-06-09,GA,16:20,LSSI,NA,NA,N,2811,18324,A,Y,AHY,F,NA,NA,NA,NA,NA,NA,64,NA,54,011016FB06,NA,BR,CR,NA
PABU,2019-06-09,GA,16:20,LSSI,NA,NA,N,2811,18325,A,Y,AHY,F,NA,NA,NA,NA,NA,NA,64,NA,50,0110170F1F,NA,BR,CR,NA
PABU,2019-06-09,GA,16:30,LSSI,NA,NA,N,2811,18450,A,Y,SY,M,NA,NA,NA,NA,NA,NA,69,NA,54,0110174DA7,NA,BR,CR,NA
PABU,2019-06-09,GA,16:50,LSSI,NA,NA,N,2811,18401,A,Y,SY,M,NA,NA,NA,NA,NA,NA,67,NA,54,011016F9E7,NA,BR,VRG,NA
PABU,2019-06-09,GA,17:07,LSSI,NA,NA,N,2811,18402,A,Y,SY,M,NA,NA,NA,NA,NA,NA,63,NA,50,011016FA83,NA,BR,VRG,NA
PABU,2019-06-09,GA,17:07,LSSI,NA,NA,Y,2521,44725,A,Y,ASY,F,NA,NA,NA,NA,NA,NA,63,NA,NA,0110171C23,NA,BR,VRG,NA
PABU,2019-06-09,GA,17:12,LSSI,NA,NA,N,2811,18403,A,Y,ASY,M,NA,NA,NA,NA,NA,NA,63,NA,NA,011016FCB7,NA,BR,CR,NA
PABU,2019-06-09,GA,17:12,LSSI,NA,NA,N,2811,18404,A,Y,ASY,M,NA,NA,NA,NA,NA,NA,69,NA,55,110173798,NA,BR,VRG,NA
PABU,2019-06-09,GA,17:15,LSSI,NA,NA,N,2811,18405,A,Y,ASY,M,NA,NA,NA,NA,NA,NA,68,NA,54,0110174CBC,NA,BR,VRG,NA
PABU,2019-06-09,GA,17:15,LSSI,NA,NA,N,2811,18406,A,Y,AHY,F,NA,NA,NA,NA,NA,NA,64,NA,51,01101746B7,NA,BR,VRG,NA
PABU,2019-06-10,GA,8:40,LSSI,NA,NA,N,2811,18407,A,Y,ASY,M,NA,NA,NA,NA,NA,NA,74,NA,60,011016FD70,NA,BR,VRG,NA
PABU,2019-06-10,GA,8:52,LSSI,NA,NA,Y,2521,44724,A,Y,ASY,M,NA,NA,NA,NA,NA,NA,70,NA,55,0110174FBA,NA,BR,VRG,NA
PABU,2019-06-10,GA,9:02,LSSI,NA,NA,N,2811,18408,A,Y,ASY,M,NA,NA,NA,NA,NA,NA,67,NA,50,011016FAB7,NA,BR,VRG,NA
PABU,2019-06-10,GA,9:05,LSSI,NA,NA,N,2811,18409,A,Y,SY,M,NA,NA,NA,NA,NA,NA,65,NA,52,011016FE1E,NA,BR,VRG,NA
PABU,2019-06-10,GA,11:01,LSSI,NA,NA,N,2811,18410,A,Y,AHY,F,14.5,NA,NA,NA,NA,NA,66,NA,55,0110174D38,NA,BR,CR,NA
PABU,2019-06-10,GA,11:10,LSSI,NA,NA,Y,2521,44727,A,Y,ASY,F,17,NA,NA,NA,NA,NA,68.5,NA,55,0100172A81,NA,BR,CR,"Removed A/R,O"
PABU,2019-06-10,GA,12:02,LSSI,NA,NA,N,2811,18411,A,Y,AHY,F,15,NA,NA,NA,NA,NA,65,NA,54,011016FE44,NA,BR,CR,NA
PABU,2019-06-10,GA,12:13,LSSI,NA,NA,Y,2521,44733,A,Y,ASY,F,16.2,NA,NA,NA,NA,NA,65,NA,56,110171817,NA,BR,CR,NA
PABU,2019-06-10,GA,12:31,LSSI,NA,NA,Y,2521,44731,A,Y,ASY,F,14.9,NA,NA,NA,NA,NA,63,NA,51,011017181F,NA,BR,CR,NA
PABU,2019-06-10,GA,16:25,LSSI,NA,NA,Y,2020,48901,A,Y,ASY,M,NA,NA,NA,NA,NA,NA,72,NA,58,0110174F03,NA,BR,CR,Recovered BF539
PABU,2019-06-13,SC,9:26,BFT,NA,NA,N,2811,18412,A,Pi,ASY,M,NA,NA,NA,NA,NA,NA,69,19.2,55,01101712F9,NA,1,CR,NA
PABU,2019-06-13,SC,10:15,BFT,NA,NA,N,2811,18413,A,Pi,ASY,M,NA,NA,NA,NA,NA,NA,68,17.8,56,01103F68AE,NA,1,CR,NA
PABU,2019-06-13,SC,10:55,BFT,NA,NA,N,2811,18414,A,Pi,AHY,F,NA,NA,NA,NA,NA,NA,64,NA,53,011016DB63,NA,1,CR,NA
PABU,2019-06-13,SC,11:21,BFT,NA,NA,N,2811,18415,A,Pi,ASY,F,NA,NA,NA,NA,NA,NA,65,NA,53,0110170A5E,NA,1,CR,NA