"","SPECIES","DATE","STATE","TIME","LOC","LAT","LONG","BAND_PR","BAND_N","L","R","AGE","SEX","WT","FAT","BM","BILL_L","BILL_W","BILL_D","WING","TARS","TAIL","RFID","GEOLOCATOR_ID","FEEDER","BANDER","NOTES","RECAP"
"1","LAZB",2019-05-06,"UT",0,"CC",NA,NA,2811,18101,"U","A","SY","M",NA,NA,NA,NA,NA,NA,75,13.5,58,"01103F417C",NA,NA,"AJS",NA,"N"
"2","LAZB",2019-05-10,"UT",0,"CC",NA,NA,2811,18102,"A","U","ASY","M",15.7,NA,NA,NA,NA,NA,NA,NA,NA,"01103F7A4F","BT169","CC3","AJS",NA,"N"
"3","LAZB",2019-05-11,"UT",0,"CC",NA,NA,2811,18103,"A","U","ASY","M",NA,NA,NA,NA,NA,NA,NA,NA,NA,"01103F7799","BT182","CC3","AJS","INITIAL CAPTURE BY AJS RELEASED WITHOUT GEO. RECATPURE ON 6/30/2019 MASS 15.0, GIVEN GEOLOCATOR","N"
"4","LAZB",2019-05-20,"UT",0,"CC",41.74263,-111.797328,2811,18104,"B","A","SY","M",14.1,1,NA,6.92,4.73,5.55,71,17.04,45,"01103F60C0",NA,"YES","KSS","ALL MEASURES WITH CALLIPERS, TAIL SHORT. NEED TO MEASURE AND ADD CALAPER TIP WIDTH.","N"
"5","LAZB",2019-05-26,"UT",0,"DC",41.729707,-111.787757,2811,18105,"B","YA","ASY","M",16.1,0,NA,6.45,4,5.29,75,17.37,55,"01103F3B06",NA,NA,"KSS",NA,"N"
"6","LAZB",2019-05-26,"UT",0,"DC",41.729707,-111.787757,2811,18106,"B","YA","ASY","F",15,0,NA,7.11,4.16,5.9,70,16.54,55,"01103F686A",NA,"YES","KSS","no BP","N"
"7","LAZB",2019-05-26,"UT",0,"DC",NA,NA,2811,18107,"B","A","ASY","M",15.3,0,NA,7.22,4.23,5.58,74,16.32,54,"011016CA13",NA,"CC5","KSS","HUGE CP","N"
"8","LAZB",2019-05-28,"UT",NA,"DC",41.730244,-111.78915,2811,18108,"B","A","ASY","M",14.4,0,NA,7.1,4.49,5.56,70,16.85,53,"01103F8EB7",NA,NA,"KSS",NA,"N"
"9","LAZB",2019-05-28,"UT",NA,"DC",41.729053,-111.785636,2811,18109,"B","WA","ASY","M",15.5,0,NA,7.26,4.6,5.68,73,16.17,56,"01103F399E",NA,NA,"KSS","HUGE CP","N"
"10","LAZB",2019-05-28,"UT",NA,"CC",NA,NA,2811,18110,"B","WA","ASY","M",16.4,0,NA,7.7,5.02,5.93,71,17.15,55,"01103F44C5","BT196","CC1","KSS","MEDIUM CP","N"
"11","LAZB",2019-05-28,"UT",NA,"CC",NA,NA,2811,18111,"B","A","ASY","F",15.6,1,NA,6.97,5.31,6.15,69,16.98,56,"01103F8549",NA,"CC1","KSS","NO BP","N"
"12","LAZB",2019-05-28,"UT",NA,"CC",NA,NA,2811,18112,"B","WA","ASY","M",17.1,NA,NA,7.04,4.24,5.67,71,16.5,56,"01103F3992","BT198","CC1","KSS",NA,"N"
"13","LAZB",2019-05-29,"UT",0,"CG",NA,NA,2811,18113,"P","A","ASY","M",17.7,2,NA,7.4,4.27,5.59,76,17.22,61,"01103F7B6C",NA,"CG6","KSS","MEDIUM CP","N"
"14","LAZB",2019-05-29,"UT",0,"CC",NA,NA,2811,18114,"B","A","AHY","M",17.7,2,NA,7.47,4.76,5.54,72,16.88,58,"011016C4FB",NA,"CC3","KSS","MEDIUM CP","N"
"15","LAZB",2019-05-31,"UT",0,"CC",NA,NA,2811,18115,"B","A","ASY","M",16,0,NA,7.02,4.63,5.9,74,17.52,56,"011016CBA3",NA,"CC1","KSS","BIG CP","N"
"16","LAZB",2019-05-31,"UT",0,"CC",NA,NA,2811,18116,"B","A","SY","F",18.2,3,NA,6.75,4.97,5.68,70,16.43,58,"01103F6956",NA,"CC1","KSS","NO BP","N"
"17","LAZB",2019-05-31,"UT",0,"CC",NA,NA,2811,18117,"B","A","ASY","F",13.8,0,NA,7.14,4.56,5.67,68,16.15,55,"01103F83A2",NA,"CC1","KSS","NO BP","N"
"18","LAZB",2019-05-31,"UT",0,"CC",NA,NA,2811,18118,"B","A","SY","M",NA,0,NA,NA,NA,NA,73,NA,58,"01103F6585",NA,"CC1","KSS","NO TARSUS/BILL/MASS BECAUSE ELECTRONIC TOO HOT (SCREENS ALL BLACK). BIG CP","N"
"19","LAZB",2019-06-05,"UT",0,"CG",NA,NA,2811,18119,"P","A","ASY","M",13.8,0,NA,7.93,4.57,5.76,69,15.98,52,"011016D64A",NA,"CG1","KSS","BIG CP","N"
"20","LAZB",2019-06-05,"UT",0,"CG",NA,NA,2811,18120,"P","A","SY","M",14.3,0,NA,7.19,4.79,5.17,71,16.1,55,"0110172877",NA,NA,"KSS","MEDIUM CP","N"
"21","LAZB",2019-06-05,"UT",0,"CG",NA,NA,2811,18121,"P","A","AHY","F",15,0,NA,7.85,5.11,6.01,65,16.9,52,"011016C5DB",NA,"CG6","AMV","MOSTLY REPLACED FF/PP COVS BUT WEIRD MIX","N"
"22","LAZB",2019-06-05,"UT",0,"CG",NA,NA,2811,18122,"P","A","ASY","M",13.7,0,NA,6.7,4.27,5.3,70,16.05,54,"011016E828",NA,"CG6","KSS","BACK FEATHERS MOSTLY DARK","N"
"23","LAZB",2019-06-05,"UT",0,"CG",NA,NA,2811,18123,"P","A","SY","M",15.1,0,NA,6.99,4.93,5.74,74,17.59,56,"0110173A15",NA,"CG6","KSS","MEDIUM CP","N"
"24","LAZB",2019-06-10,"UT",0,"CC",NA,NA,2811,18124,"B","A","ASY","M",15.3,0,NA,6.68,4.57,5.67,74,16.95,58,"01103F7BFA",NA,"CC1","KSS","BIG CP","N"
"25","LAZB",2019-06-10,"UT",0,"CC",NA,NA,2811,18125,"B","A","ASY","F",16.1,0,NA,7.83,5.78,6.34,69,17.13,51,"011016B164",NA,"CC1","AMV","SLIGHTLY DEVELOPED BP","N"
"26","LAZB",2019-06-11,"UT",0,"CC",NA,NA,2811,18126,"B","A","ASY","F",16.4,0,NA,7.78,5.01,6.09,69,17.73,55,"01103F439D",NA,"CC3","AMV","HALF DEVELOPED BP","N"
"27","LAZB",2019-06-11,"UT",0,"CC",NA,NA,2811,18127,"B","A","ASY","M",14.4,0,NA,6.78,4.61,5.47,75,16.75,56,"011016BF42",NA,"CC3","KSS","HUGE CP","N"
"28","LAZB",2019-06-11,"UT",0,"CC",NA,NA,2811,18128,"B","A","SY","F",13.3,0,NA,7.59,5.09,5.8,69,16.09,52,"011016DB3B",NA,"CC3","AMV","NO BP","N"
"29","LAZB",2019-06-11,"UT",0,"CC",NA,NA,2811,18129,"B","A","ASY","M",13.9,0,NA,7.65,4.8,5.88,71,17.7,56,"01103F7A4C",NA,"CC3","KSS","MEDIUM CP","N"
"30","LAZB",2019-06-11,"UT",0,"CC",NA,NA,2811,18130,"B","A","SY","M",14.2,0,NA,7.37,4.44,5.97,70,16.52,55,"01103F8FBF",NA,"CC3","KSS","MEDIUM CP","N"
"31","LAZB",2019-06-11,"UT",0,"CC",NA,NA,2811,18131,"B","A","ASY","M",14.7,0,NA,7.02,4.72,5.73,71,17.42,55,"01103F84F3",NA,"CC3","KSS","BIG CP","N"
"32","LAZB",2019-06-11,"UT",0,"CC",NA,NA,2811,18132,"B","A","SY","M",13.7,0,NA,7.42,4.73,5.57,70,17.28,51,"01103F8FDE",NA,"CC3","KSS","MEDIUM CP","N"
"33","LAZB",2019-06-11,"UT",0,"CC",NA,NA,2811,18133,"B","A","ASY","F",13.3,0,NA,7.4,5.33,5.82,66,14.88,51,"01103F8C02",NA,"CC3","AMV","SLIGHTLY DEVELOPED BP","N"
"34","LAZB",2019-06-11,"UT",0,"CC",NA,NA,2811,18134,"B","A","ASY","F",17.7,0,NA,7.19,5.2,5.64,65,17.22,51,"011016DF86",NA,"CC3","AMV","NO BP","N"
"35","LAZB",2019-06-11,"UT",0,"CC",NA,NA,2811,18135,"B","A","ASY","F",19.3,0,NA,6.75,5.24,5.73,70,15.55,52,"011016B7B3",NA,"CC3","AMV","SLIGHTLY DEVELOPED BP","N"
"36","LAZB",2019-06-11,"UT",0,"CC",NA,NA,2811,18136,"B","A","SY","M",15.2,0,NA,7.07,6.24,5.24,70,16.86,54,"01103F66A13",NA,"CC3","AMV","NO BP","N"
"37","LAZB",2019-06-11,"UT",0,"CC",NA,NA,2811,18137,"B","A","ASY",NA,14.7,0,NA,7.59,4.62,5.7,72,16.73,56,"011016D4EE",NA,"CC3","KSS","SMALL CP","N"
"38","LAZB",2019-06-11,"UT",0,"CC",NA,NA,2811,18138,"B","A","ASY","M",15.1,0,NA,7.2,4.82,5.72,72,16.77,55,"011016DE0E",NA,"CC3","KSS","BIG CP","N"
"39","LAZB",2019-06-11,"UT",0,"CC",NA,NA,2811,18139,"B","A","SY","F",14.1,0,NA,7.11,5.16,5.84,69,15.69,55,"01103F899A",NA,"CC3","AMV","NO BP","N"
"40","LAZB",2019-06-12,"UT",0,"CG",NA,NA,2811,18140,"P","A","AHY","F",13.4,0,NA,7.26,5.35,5.8,66,16.43,50,"011016E2D3",NA,"CG6","AMV","NO BP,","N"
"41","LAZB",2019-06-12,"UT",0,"CG",NA,NA,2811,18141,"P","A","ASY","M",14.7,0,NA,7.8,4.59,5.8,73,17.49,55,"0110173C20",NA,"CG6","KSS","MEDIUM CP","N"
"42","LAZB",2019-06-12,"UT",0,"CG",NA,NA,2811,18142,"P","A","ASY","M",14.8,0,NA,7.38,4.36,6,72,16.04,56,"110174458",NA,"CG6","KSS","LARGE CP","N"
"43","LAZB",2019-06-12,"UT",0,"CG",NA,NA,2811,18143,"P","A","ASY","M",14.6,0,NA,7.57,4.8,5.65,74,16.18,55,"110171675",NA,"CG6","KSS","MED CP","N"
"44","LAZB",2019-06-12,"UT",0,"CG",NA,NA,2811,18144,"P","A","ASY","M",14.7,0,NA,6.7,4.74,5.51,74,15.84,56,"01103F61F0",NA,"CG6","KSS","LARGE CP","N"
"45","LAZB",2019-06-12,"UT",0,"CG",NA,NA,2811,18145,"P","A","SY","M",14.8,0,NA,7.07,4.16,5.63,75,16.71,57,"011016D155",NA,"CG6","KSS","MED CP","N"
"46","BALO",2019-06-12,"UT",NA,"CG",NA,NA,2811,18146,NA,NA,NA,NA,NA,NA,NA,NA,NA,NA,NA,NA,NA,NA,NA,NA,NA,"LOST OR MISSING?","N"
"47","LAZB",2019-06-13,"UT",0,"CG",NA,NA,2811,18147,"P",NA,"ASY","F",14,0,NA,7.19,5.46,5.53,66,15.9,55,"0110173CBF",NA,"CG2","AMV","DEVELOPED BP","N"
"48","LAZB",2019-06-13,"UT",0,"CC",NA,NA,2811,18148,"B",NA,"SY","M",15.2,0,NA,7.99,4.45,5.55,72,16.5,55,"01103F6ABA",NA,"CC3","KSS","LARGE CP","N"
"49","LAZB",2019-06-17,"UT",0,"CG",NA,NA,2811,18149,"P",NA,"ASY","M",15.1,0,NA,7.46,4.37,5.31,74,16.52,57,"0110171E59",NA,"CG2","KSS","LARGE CP","N"
"50","LAZB",2019-06-18,"UT",0,"CC",NA,NA,2811,18150,"B",NA,"SY","F",16.3,0,NA,7.26,4.53,5.72,66,16.91,52,"01103F8944",NA,"CC3","AMV","FULL BP","N"
"51","LAZB",2019-06-18,"UT",0,"CC",NA,NA,2811,18151,"B",NA,"SY","F",14.5,0,NA,6.85,4.36,5.68,66,16.6,52,"011016B85A",NA,"CC1","AMV","FULL BP","N"
"52","LAZB",2019-06-24,"UT",0,"CG",NA,NA,2811,18152,"P",NA,"SY","F",14.6,0,NA,7.57,4.5,5.81,66,16.95,51,"01103F510A",NA,"CG6","AMV","FULL BP","N"
"53","LAZB",2019-06-24,"UT",0,"CG",NA,NA,2811,18153,"P",NA,"ASY","M",15.8,0,NA,7.33,4.58,5.67,73,16.54,55,"011016D4BE",NA,"CG6","KSS","LARGE CP","N"
"54","LAZB",2019-06-27,"UT",0,"CC",41.74221,-111.79886,2811,18154,"A",NA,"N","U",8.3,NA,NA,NA,NA,NA,NA,13.06,NA,NA,NA,"19-3","KSS","PINS ABOUT TO BREAK, SEEMS A BIT UNDERDEVELOPED FOR AGE. THERE WERE THREE NETSLINGS YESTURDAY, JUST ONE TODAY... PARTIAL PRED ABANDNMENT?","N"
"55","LAZB",2019-07-01,"UT",0,"CG",41.88179,-111.56714,2811,18155,"A",NA,"N","U",9.8,NA,NA,NA,NA,NA,NA,15.02,NA,NA,NA,"19-2","KSS","PINS JUST STARTING TO BREAK. SEEM LIKE DAY 6/7 SIZE, MORE ON SIDE OF DAY 6","N"
"56","LAZB",2019-07-01,"UT",0,"CG",41.88179,-111.56714,2811,18156,"A",NA,"N","U",10,NA,NA,NA,NA,NA,NA,14.83,NA,NA,NA,"19-2","AMV","PINS JUST STARTING TO BREAK. SEEM LIKE DAY 6/7 SIZE, MORE ON SIDE OF DAY 6","N"
"57","LAZB",2019-07-01,"UT",0,"CG",41.88179,-111.56714,2811,18157,"A",NA,"N","U",9.7,NA,NA,NA,NA,NA,NA,14.74,NA,NA,NA,"19-2","AMV","PINS JUST STARTING TO BREAK. SEEM LIKE DAY 6/7 SIZE, MORE ON SIDE OF DAY 6","N"
"58","LAZB",2019-07-01,"UT",0,"CG",41.88179,-111.56714,2811,18158,"A",NA,"N","U",11.2,NA,NA,NA,NA,NA,NA,15.78,NA,NA,NA,"19-2","AMV","PINS JUST STARTING TO BREAK. SEEM LIKE DAY 6/7 SIZE, MORE ON SIDE OF DAY 6","N"
"59","LAZB",2019-07-01,"UT",0,"CG",41.8828,-111.567,2811,18159,"P","A","ASY","F",16.7,0,NA,7.46,5.37,5.77,68,16.87,51,"011016B64E",NA,"19-1","AMV","FULL BP","N"
"60","LAZB",2019-07-03,"UT",0,"CG",NA,NA,2811,18160,"P","WA","ASY","M",15,0,NA,7.83,4.65,5.77,71,16.8,55,"01101741F2","BT186","CG3","KSS","MEDIUM CP","N"
"61","LAZB",2019-07-04,"UT",0,"CG",NA,NA,2811,18161,"P","WA","ASY","M",15.2,0,NA,7.76,4.65,5.74,73,16.47,56,"011016DD86","BT175","CG6","KSS","MEDIUM CP","N"
"62","LAZB",2019-07-04,"UT",0,"CG",NA,NA,2811,18162,"P","A","ASY","F",14.2,0,NA,6.75,4.5,5.63,68,16.63,55,"0110172CB9",NA,"CG6","AMV","BP","N"
"63","LAZB",2019-07-04,"UT",0,"CG",NA,NA,2811,18163,"P","A","SY","M",15.5,0,NA,7.38,5.03,6.05,72,16.63,53,"011016B7D0",NA,"CG6","KSS","LARGE CP","N"
"64","LAZB",2019-07-04,"UT",0,"CG",NA,NA,2811,18164,"P","A","ASY","F",14.1,0,NA,7.21,5.29,5.61,69,16.95,65,"01103F3F90",NA,"CG6","AMV","BP","N"
"65","LAZB",2019-07-04,"UT",0,"CG",NA,NA,2811,18165,"P","A","SY","M",14.3,0,NA,7.73,5.76,5.63,72,16.84,55,"0110173C27",NA,"CG6","KSS","MEDIUM CP","N"
"66","LAZB",2019-07-05,"UT",0,"CC",NA,NA,2811,18166,"B","A","SY","M",14.2,0,NA,9.97,5.11,6.19,71,17.1,55,"011016D218",NA,"CC2","KSS","BILL DEFORMITY AT TIP, OVERHANG","N"
"67","LAZB",2019-07-05,"UT",0,"CC",NA,NA,2811,18167,"B","A","ASY","M",15.5,0,NA,7.86,4.92,5.63,72,17.42,55,"011016B156",NA,"CC2","KSS","LARGE CP, OLD WING INJURY - CRUSTY AND STIFF, CAN NOT EXTREND WING PROPERLY","N"
"68","LAZB",2019-07-05,"UT",0,"CG",NA,NA,2811,18168,"B","A","SY","M",15.2,0,NA,8.14,5.4,6.14,72,17.8,56,"01103F71B4",NA,"CC2","KSS","MEDIUM CP","N"
"69","LAZB",2019-07-06,"UT",0,"CG",NA,NA,2811,18144,"P","WA","ASY","M",15,0,NA,NA,NA,NA,NA,NA,NA,NA,"BT192","CG6","KSS","RECAP, ADDED GEO AND WHITE COLOR BAND","N"
"70","LAZB",2019-07-08,"UT",0,"CG",41.881178,-111.567395,2811,18169,"P","A","ASY","F",14.2,0,NA,7.5,4.84,6,74,18.09,56,"01103F755A",NA,"19-5","KSS","RECEADING BP","N"
"71","LAZB",2019-07-08,"UT",0,"CG",41.881178,-111.567395,2811,18170,"P","A","ASY","M",15.1,0,NA,7.66,4.63,6.7,73,16.73,58,"0110171F1D","BT166","19-5","KSS",NA,"N"
"72","LAZB",2019-07-09,"UT",0,"DC",41.729947,-111.78818,2811,18171,"B","WA","SY","M",15.7,NA,NA,7.25,4.6,6.27,74,16.84,51,"011016E452",NA,NA,"KSS","LARGE CP","N"
"73","LAZB",2019-07-09,"UT",0,"CC",NA,NA,2811,18172,"B","A","SY","F",14.6,0,NA,7.27,4.9,5.95,68,17.26,52,"01103F3A28",NA,"CC2","AMV","BP","N"
"74","LAZB",2019-07-09,"UT",0,"CC",NA,NA,2811,18173,"B","A","SY","M",15.7,0,NA,7.3,4.52,6.09,72,17.68,55,"011016B274","BT174","CC2","KSS","MEDIUM CP","N"
"75","LAZB",2019-07-10,"UT",0,"TG",41.894384,-111.641077,2811,18174,"U","A","ASY","M",14.9,0,NA,8.33,5.26,6.4,72,17.63,56,"01103F7805",NA,NA,"KSS","LARGE CP","N"
"76","LAZB",2019-07-10,"UT",0,"CG",41.8828,-111.567,2811,18175,"A","A","N","U",11.6,NA,NA,NA,NA,NA,NA,NA,NA,NA,NA,"19-1","AMV","DAY 7 AVERAGE LOOKING, PINS BREAKING","N"
"77","LAZB",2019-07-10,"UT",0,"CG",41.8828,-111.567,2811,18176,"A",NA,"N","U",8.2,NA,NA,NA,NA,NA,NA,NA,NA,NA,NA,"19-1","AMV","DAY 7 AVERAGE LOOKING, PINS BREAKING","N"
"78","BALO",2019-07-10,"UT",NA,"CG",NA,NA,2811,18177,NA,NA,NA,NA,NA,NA,NA,NA,NA,NA,NA,NA,NA,NA,NA,NA,NA,"band came off string and flung into tall grass","N"
"79","LAZB",2019-07-10,"UT",0,"CG",41.8828,-111.567,2811,18178,"A",NA,"N","U",13.3,NA,NA,NA,NA,NA,NA,16.43,NA,NA,NA,"19-1","AMV","DAY 7+ LOOKING, MOST TRACKS BROKEN, FLANKS ALMOST OUT OF PIN","N"
"80","LAZB",2019-07-11,"UT",0,"DC",NA,NA,2811,18179,"B","A","ASY","M",13.9,0,NA,8.35,4.93,6.02,75,16.59,58,"01103F8E55",NA,"DC1","KSS","LARGE CP","N"
"81","LAZB",2019-07-11,"UT",0,"DC",NA,NA,2811,18171,"B","A",NA,"M",15,NA,NA,NA,NA,NA,NA,NA,NA,NA,"BT180","DC1","KSS",NA,"N"
"82","LAZB",2019-07-11,"UT",0,"DC",NA,NA,2811,18180,"U","A","SY","F",14.1,0,NA,7.48,4.76,5.91,65,17.14,55,"01103F7EBE",NA,"DC1","AMV","FULL BP","N"
"83","LAZB",2019-07-11,"UT",0,"DC",NA,NA,2811,18108,"B","A","ASY","M",14.4,NA,NA,NA,NA,NA,NA,NA,NA,NA,NA,"DC1","KSS","SMALL CP","N"
"84","LAZB",2019-07-11,"UT",0,"DC",NA,NA,2811,18181,"B","A","SY","M",14.4,0,NA,6.78,4.6,5.74,72,16.71,53,"01103F3CB6",NA,"DC1","KSS","SMALL CP","N"
"85","LAZB",2019-07-11,"UT",0,"DC",NA,NA,2811,18182,"B","A","SY","F",15.4,0,NA,7.55,5.22,6.14,69,17.21,55,"01103F5BCC",NA,"DC1","AMV","FULL BP","N"
"86","LAZB",2019-07-12,"UT",0,"CG",NA,NA,2811,18183,"P","A","SY","M",14.7,0,NA,7.8,4.05,5.95,75,16.55,58,"01103F51A8",NA,"CG3","KSS","LARGE CP","N"
"87","LAZB",2019-07-12,"UT",0,"CG",NA,NA,2811,18184,"P","WA","ASY","M",15.5,0,NA,8.14,5.1,5.89,72,16.81,55,"01101729E3","BT181","CG3","KSS","LARGE CP","N"
"88","LAZB",2019-07-15,"UT",0,"CG",41.880565,-111.565459,2811,18185,"A",NA,"HY","U",6.8,NA,NA,NA,NA,NA,NA,13.51,NA,NA,NA,"19-6","AMV","PINS BROKEN 2 MM","N"
"89","BHCO",2019-07-15,"UT",0,"CG",41.880565,-111.565459,NA,NA,NA,NA,"HY","U",11.7,NA,NA,NA,NA,NA,NA,17.3,NA,NA,NA,"19-6","AMV","BROOD PARASITE, PINS 7MM BROKEN","N"
"90","LAZB",2019-07-15,"UT",0,"CG",41.880565,-111.565459,2811,18186,"A",NA,"HY","U",5.1,NA,NA,NA,NA,NA,NA,12.79,NA,NA,NA,"19-6","AMV","PINS 1MM BROKEN","N"
"91","LAZB",2019-07-15,"UT",0,"CG",41.880565,-111.565459,2811,18187,"A",NA,"HY","U",6.7,NA,NA,NA,NA,NA,NA,14.51,NA,NA,NA,"19-6","AMV","PINS 3MM BROKEN","N"
"92","LAZB",2019-07-16,"UT",0,"DC",NA,NA,2811,18188,"U","A","ASY","F",14.1,0,NA,7.45,4.78,6.17,65,15.92,52,"01103F3BEE",NA,"DC1","AMV","FULL BP","N"
"93","LAZB",2019-07-16,"UT",0,"DC",NA,NA,2811,18189,"U","A","SY","M",14.3,0,NA,7.74,5.43,6.11,72,17.11,54,"01103F4435",NA,"DC1","KSS","NO CP","N"
"94","LAZB",2019-07-17,"UT",0,"CG",NA,NA,2811,18190,"P","OA","ASY","M",15.1,0,NA,8.22,5.08,6.15,73,17.27,55,"0110171AC2","BT168","CG4","KSS","MED CP","N"
"95","LAZB",2019-07-18,"UT",0,"DC",NA,NA,2811,18191,"U","A","SY","F",14.8,0,NA,7.82,5.2,6.18,68,17.9,51,"01103F3D45",NA,"DC1","AMV","FULL BP","N"
"96","LAZB",2019-07-18,"UT",0,"DC",NA,NA,2811,18192,"U","A","SY","F",14.9,0,NA,7.24,4.94,6.17,70,17.43,55,"01103F6CBB",NA,"DC1","AMV","FULL BP","N"
"97","LAZB",2019-07-18,"UT",0,"DC",NA,NA,2811,18193,"U","A","SY","M",14.7,0,NA,7.21,5.4,6.1,71,17.16,54,"01103F5A24",NA,"DC1","KSS","SMALL CP","N"
"98","LAZB",2019-07-19,"UT",0,"CG",NA,NA,2811,18194,"P","A","SY","M",14.6,0,NA,7.66,4.79,5.81,72,17.27,55,"0110174612",NA,"CG6","KSS","SMALL CP","N"
"99","LAZB",2019-07-19,"UT",0,"CG",NA,NA,2811,18141,"P","OA",NA,"M",15,NA,NA,NA,NA,NA,NA,NA,NA,NA,"BT165","CG6","KSS","RECAP, OF WEIGHT, ADDED GEO AND ORANGE BAND","N"
"100","LAZB",2019-07-19,"UT",0,"CG",NA,NA,2811,18195,"P","A","SY","M",14.5,0,NA,7.81,4.88,5.71,72,16.5,55,"01103F82EC",NA,"CG6","KSS","LARGE CP","N"
"101","LAZB",2019-07-19,"UT",0,"CG",NA,NA,2811,18196,"P","OA","ASY","M",15.7,0,NA,7.94,4.99,6.12,73,16.74,56,"01103F7CF6","BT164","DC2","KSS","MED CP","N"
"102","LAZB",2019-07-20,"UT",0,"DC",NA,NA,2811,18197,"U","A","ASY","F",15.4,0,NA,8.13,5.64,6.19,70,17.12,55,"01103F7327",NA,"DC2","KSS","RECEEDING BP, MISSING ALL NAPE FEATHERS","N"
"103","LAZB",2019-07-20,"UT",0,"DC",NA,NA,2811,18198,"U","A","SY","M",13.6,0,NA,8.25,4.76,5.88,73,16.95,56,"01103F3F10",NA,"DC2","KSS","SMALL CP, HEAVY NAPE MOLT (PINS AOUT TO BREAK), FLANK MOLT IN PIN","N"
"104","LAZB",2019-07-20,"UT",0,"DC",NA,NA,2811,18199,"U","A","ASY","M",15.9,0,NA,7.68,5.31,6.94,75,17.23,61,"01103F7136",NA,"DC2","KSS","LARGE CP","N"
"105","LAZB",2019-07-20,"UT",0,"DC",NA,NA,2811,18200,"U","A","SY","F",12.6,0,NA,6.81,4.77,5.99,71,17.07,54,"01103F55AC",NA,"DC2","KSS","RECEEDING BP","N"
"106","LAZB",2019-07-20,"UT",0,"DC",NA,NA,2811,18326,"U","A","ASY","M",14.6,0,NA,5.36,5.2,6.05,73,16.68,57,"01103F43C5",NA,"DC2","KSS","MED CP","N"
"107","LAZB",2019-07-20,"UT",0,"DC",NA,NA,2811,18327,"U","A","SY","M",14.4,0,NA,7.73,5.32,6.23,74,17.34,56,"01103F50F8",NA,"DC2","KSS","NO CP","N"
"108","LAZB",2019-07-20,"UT",0,"DC",NA,NA,2811,18328,"U","A","SY","F",14.8,0,NA,7.99,5.27,6.17,68,15.58,52,"01103F5B6C",NA,"DC2","KSS","RECEEDING BP","N"
"109","LAZB",2019-07-21,"UT",0,"DC",NA,NA,2811,18329,"U","A","SY","F",15.2,0,NA,7.63,4.44,6.18,70,16.78,54,"01103F4056",NA,"DC2","KSS","RECEEDING BP BREAST FEATHERS IN PIN","N"
"110","LAZB",2019-07-21,"UT",0,"DC",NA,NA,2811,18330,"U","OA","SY","M",16.5,0,NA,7.55,5.4,6.06,73,16.6,57,"01103F4D11","BT173","DC2","KSS","MED CP","N"
"111","LAZB",2019-07-21,"UT",0,"DC",NA,NA,2811,18331,"U","A","SY","F",15.5,0,NA,7.41,5.26,6.16,66,17.09,51,"01103F461F",NA,"DC2","KSS","RECEEDING BP BREAST FEATHERS IN PIN","N"
"112","LAZB",2019-07-21,"UT",0,"DC",NA,NA,2811,18332,"U","A","SY","M",15.4,0,NA,7.71,5.3,6.34,71,16.61,54,"01103F83C4",NA,"DC2","KSS","SMALL CP","N"
"113","LAZB",2019-07-21,"UT",0,"DC",NA,NA,2811,18333,"U","OA","SY","M",15.5,0,NA,7.75,5.41,6.24,73,17.81,56,"01103F5EA0","BT172","DC2","KSS","MED CP","N"
"114","LAZB",2019-07-21,"UT",0,"DC",NA,NA,2811,18334,"U","A","SY","M",15.5,0,NA,7.28,5.28,6.38,72,17.52,51,".01103F4330",NA,"DC2","KSS","NO CP, HEAVY FLANK MOLT (BREAKING PIN)","N"
"115","LAZB",2019-07-22,"UT",0,"CG",NA,NA,2811,18335,"P","A","SY","M",15.8,0,NA,7.7,5.95,5.95,72,16.8,55,"01101724E1",NA,"CG6","KSS","SMALL CP","N"
"116","LAZB",2019-07-22,"UT",0,"CG",NA,NA,2811,18336,"P","A","SY","M",15.9,0,NA,7.5,4.91,4.91,68,17.73,52,"011016DB60",NA,"CG6","AMV","FULL BP","N"
"117","LAZB",2019-07-24,"UT",0,"CG",NA,NA,2811,18337,"P","OA","ASY","M",15.3,0,NA,7.39,4.93,5.87,74,17.66,55,"01103F8C80","BT185","CG4","KSS","SMALL CP","N"
"118","LAZB",2019-07-24,"UT",0,"CG",NA,NA,2811,18338,"P","A","SY","M",15.5,0,NA,8,5.58,6.06,74,17.34,55,"0110173332",NA,"CG4","KSS","NO CP, VENTRAL/DORSAL/FLANK MOLT JUST BREAKING","N"
"119","LAZB",2019-07-26,"UT",0,"CG",NA,NA,2811,18339,"P","A","SY","F",14,0,NA,7.84,4.75,5.8,66,17.16,52,"011016BC97",NA,"CG6","AMV","ALL CONTOUR TRACKS MOLTING, MISSING R/LR1-2 SYMM.","N"
"120","LAZB",2019-07-26,"UT",0,"CG",NA,NA,2811,18340,"P","A","ASY","M",15,1,NA,7.5,4.79,5.94,72,17.98,55,"0110173B6D",NA,"CG6","KSS","LARGE CP","N"
"121","LAZB",2019-07-29,"UT",0,"CG",NA,NA,2811,18341,"P","A","ASY","M",14.9,0,NA,7.73,4.67,6.06,71,16.61,55,"011016F007",NA,"CG1","KSS","LARGE CP, DORSAL MOLT","N"
"122","LAZB",2019-07-29,"UT",0,"CG",NA,NA,2811,18342,"P","A","SY","M",15,1,NA,7.18,5.18,5.88,71,16.76,50,"0110171733",NA,"CG1","KSS","NO CP, HEAVY MOLT ALL CONTOUR TRACTS","N"
"123","LAZB",2019-07-29,"UT",0,"CG",NA,NA,2811,18343,"A","P","HY","U",17.9,0,NA,6.41,4.35,5.22,71,17.02,47,"01101715D2",NA,"CG1","KSS","NOT USING FEEDER, FULLY FLIGHTED","N"
"124","LAZB",2019-07-30,"UT",0,"DC",NA,NA,2811,18344,"A","U","HY","U",13.4,0,NA,7.39,5.11,6.39,69,16.28,53,"01103F4052",NA,"DC3","AMV","ACTUALLY WENT IN TO USE FEEDER!","N"
"125","LAZB",2019-08-01,"UT",0,"DC",NA,NA,2811,18345,"U","OA","ASY","M",15.8,0,NA,8.11,6.05,5.35,74,17.53,56,"01103F6459","BT195","DC2","KSS","SMALL CP, DORSAL PINS BREAKING","N"
"126","LAZB",2019-08-01,"UT",0,"DC",NA,NA,2811,18346,"U","A","AHY","F",14.3,0,NA,7.42,5.88,5.13,68,17.2,54,"0110347C3",NA,"DC2","AMV","BP IN PIN","N"
"127","LAZB",2019-08-01,"UT",0,"DC",NA,NA,2811,18347,"U","OA","ASY","U",15.5,0,NA,7.27,7.41,5.33,73,17.61,53,"01103F8DCD","BT171","DC2","KSS","SMALL CP, ALL CONTOUR TRACTS BREAKING PIN","N"
"128","LAZB",2019-08-01,"UT",0,"DC",NA,NA,2811,18348,"U","OA","SY","M",15.2,0,NA,7.63,6.09,5.29,72,18.02,53,"01103F460C","BT163","DC2","KSS","SMALL CP, LIGHT MOLT DORSAL/HEAD","N"
"129","LAZB",2019-08-01,"UT",0,"DC",NA,NA,2811,18349,"U","YA","ASY","M",16.7,0,NA,7.49,5.98,5.31,74,16.56,54,"01103F57DE","BT194","DC2","KSS","MED CP, LIGHT DORSAL MOLT","N"
"130","LAZB",2019-08-01,"UT",0,"DC",NA,NA,2811,18350,"U","A","SY","M",14.1,0,NA,7.64,6,5.31,70,15.93,49,"01103F58AA",NA,"DC2","KSS","NO CP, EXTREMELY LIGHT DORSAL MOLT","N"
"131","LAZB",2019-08-01,"UT",0,"DC",NA,NA,2811,18351,"U","A","SY","M",14.7,0,NA,6.43,5.64,5.29,71,16.26,54,"01103F3B50",NA,"DC2","KSS","NO CP, DORSAL MOLT ~HALF COMPLETE","N"
"132","LAZB",2019-08-01,"UT",0,"DC",NA,NA,2811,18352,"U","A","SY","M",15.5,0,NA,7.42,5.96,NA,73,17.78,57,"01103F3F95",NA,"DC2","KSS","NO CP, LIGHT DORSAL MOLT","N"
"133","LAZB",2019-08-01,"UT",0,"DC",NA,NA,2811,18353,"U","A","SY","M",18.9,3,NA,7.09,5.88,5.11,69,17.27,53,"01103F8584",NA,"DC2","AMV","NO CP, SOOOOO MUCH FAT! (I WOULD SCORE IT A 5 ON MAD ISLAND SCALE, DORSAL MOLT PERTTY MUCH COMPLETE","N"
"134","LAZB",2019-08-01,"UT",0,"DC",NA,NA,2811,18354,"U","A","SY","F",14.1,0,NA,6.98,5.02,6.02,65,16.08,51,"01103F4D81",NA,"DC2","AMV","BP IN PIN","N"
"135","LAZB",2019-08-01,"UT",0,"DC",NA,NA,2811,18355,"U","A","SY","F",13.3,0,NA,7.45,5.25,6.17,66,16.96,53,"01103F547D",NA,"DC2","AMV","BP IN PIN","N"
"136","LAZB",2019-08-01,"UT",0,"CC",NA,NA,2811,18356,"U","A","SY","M",16.1,1,NA,7.34,4.91,5.86,72,16.55,55,"01103F3FAE",NA,"CC2","AMV","SMALL CP, COMPLETED DORSAL MOLT","N"
"137","LAZB",2019-08-01,"UT",0,"CC",NA,NA,2811,18357,"U","A","SY","F",13.8,0,NA,7.06,5.16,5.83,68,16.58,54,"01103F5ACC",NA,"CC2","AMV","FULL BP","N"
"138","LAZB",2019-08-01,"UT",0,"CC",NA,NA,2811,18358,"A","U","HY","U",14.1,1,NA,7.11,5.23,5.84,69,16.91,54,"01103F6EDD",NA,"CC2","AMV","SO FRESH! SUSPECT F AS CONTOUR FEATHERS LOOK TO BE REPLACED  (1ST PF MOLT) BUT I HAVE NOT SEEN ANY HY MALES TO COMPARE WITH. WILL UPDATE IF I GET MORE EXAMPLES.","N"
"139","LAZB",2019-08-01,"UT",0,"CC",NA,NA,2811,18359,"U","A","SY","F",14.3,1,NA,7.39,5.21,6.24,66,16.49,52,"01103F4895",NA,"CC2","AMV","BP IN PIN","N"
"140","LAZB",2019-08-01,"UT",0,"CC",NA,NA,2811,18117,NA,"A",NA,"F",NA,NA,NA,NA,NA,NA,NA,NA,NA,NA,NA,"CC2","KSS","RECAPPED FEMALE. ON CAP NOTICED LEFT FOOT JOINT TO BE EXTREMELY SWOLLEN AND INFECTED. UPON CLOSER INSPECTION ENTIRE FOOT WAS NON RESPONSIVE, BLACK, AND DESCICATED. RFID BAND SPINS FREELY BUT WAS PUTTING SOME PRESSURE ON INFECTED PORTION. I CUT THE BAND OFF TO AVOID UNNECESSARY AGGITATION AND PREVENT FURTHER LOSS OF ADDITIONAL LEG SEGMENTS. FOOT WILL BE LOST SOON. TARSUS UNDER RFID BAND WAS IN GOOD CONDITION. TOP JOINT OF FOOT RESEMBLED INFECTIONS AND SWELLING OF PLOVERS WITH MONO/HAIR ENTANGLMENT. NO FIBERS WERE FOUND. INJURY COULD HAVE BEEN A LACERATION AND SUBSEQUENT INFECTION. BAND EDGE WAS NOT SHARP AND WAS UNLIKELY TO HAVE BEEN ORIGINAL CAUSE OF INJURY. BIRD OVERALL WAS FIESTY AND SEEMED TO BE FUNCTIONING WELL DESPITE LOSS OF FOOT FUNCTION.","N"
"141","LAZB",2019-08-01,"UT",0,"CC",NA,NA,2811,18356,"U","A","SY","M",16.1,1.5,NA,7.34,4.91,5.86,72,16.55,55,"01103F3FAE",NA,"CC2","AMV","SMALL CP, COMPLETED DORSAL MOLT","N"
"142","PABU",2019-05-22,"NC",0,"BHI",NA,NA,2811,18500,"B","A/B","AHY","F",NA,NA,NA,NA,NA,NA,NA,NA,NA,"01103F504E","BT282","BHI2","AJS","NA","N "
"143","PABU",2019-05-22,"NC",0,"BHI",NA,NA,2811,18499,"B","A/B","ASY","M",16.2,NA,NA,7.34,5,5.45,68,16.23,55,"01103F7C39","BT212","BHI2","AJS","NA","N"
"144","PABU",2019-05-22,"NC",0,"BHI",NA,NA,2811,18498,"B","A/B","ASY","M",NA,NA,NA,7.12,4.81,6.15,70,17.34,57,"01103F7F6B","BT224","BHI2","AJS","NA","N "
"145","PABU",2019-05-22,"NC",0,"BHI",NA,NA,2811,18497,"B","A/B","ASY","M",NA,NA,NA,6.91,4.72,6.11,67,17.71,55,"01103F83CC","BT208","BHI2","AJS","NA","N"
"146","PABU",2019-05-22,"NC",0,"BHI",NA,NA,1831,45746,"A/(Y/R)","K/W","ASY","M",NA,NA,NA,8.25,4.74,6.57,70,15.78,56,"NA","BT242","BHI2","AJS","LATER TOOK THIS GEO OFF AND REPLACED WITH BT232 BECAUSE IT WAS OFF CENTER. WILL DEPLOY 242 LATER","R"
"147","PABU",2019-05-22,"NC",0,"BHI",NA,NA,2811,18496,"B","A/B","ASY","M",NA,NA,NA,7.09,5.37,5.83,72,17.92,60,"01103F3DEO","BT243","BHI2","AJS","NA","N"
"148","PABU",2019-05-23,"NC",0,"BHI",NA,NA,2811,18495,"B","A/B","ASY","M",NA,NA,NA,6.93,4.85,5.86,68,16.57,56,"01103F777D","BT240","BHI1","AJS","NA","N "
"149","PABU",2019-05-23,"NC",0,"BHI",NA,NA,2000,81629,"A/(R/Y)","G","ASY","M",16.6,NA,NA,8.2,4.89,6.67,69,18.85,56,"NA","BT219","BHI1","AJS","NA","R"
"150","PABU",2019-05-23,"NC",0,"BHI",NA,NA,1831,45738,"A/(Y/R)","B","ASY","M",15.9,NA,NA,8.29,5.51,6.22,70,19.37,58,"NA","BT225","BHI1","AJS","NA","R"
"151","PABU",2019-05-24,"NC",0,"BHI",NA,NA,2811,18494,"B","A","SY","M",15.2,NA,NA,8.07,5.36,6.34,69,18.61,54,"01103F78CA","NA","BH1","CJS","NA","N"
"152","PABU",2019-05-25,"NC",0,"BHI",NA,NA,2591,3885,"B/G","(Y/R)/A","ASY","M",16.1,NA,NA,7.74,4.94,6.24,69,18.48,56,"NA","BT231","BH2","AJS","NA","R"
"153","PABU",2019-05-25,"NC",0,"BHI",NA,NA,2811,18493,"B","A","SY","M",17.2,NA,NA,7.76,5.23,5.93,69,16.4,56,"01103F409A","NA","BH1","AJS","NA","N"
"154","PABU",2019-05-26,"NC",0,"BHI",NA,NA,2811,18492,"B","A","SY","M",NA,NA,NA,7.22,4.39,5.42,70,16.79,53,"01103F40A7","NA","BH3","AJS","NA","N "
"155","PABU",2019-05-26,"NC",0,"BHI",NA,NA,2811,18491,"B","A","SY","M",15.3,NA,NA,7.62,4.92,6.33,65,18.04,51,"01103F6313","NA","BH3","CJS","NA","N"
"156","PABU",2019-05-26,"NC",0,"BHI",NA,NA,2811,18490,"B","A/B","AHY","F",NA,NA,NA,7.83,4.91,5.29,66,16.64,51,"01103F7AE7","BT268","BH3","AJS","NA","N "
"157","PABU",2019-05-26,"NC",0,"BHI",NA,NA,2811,18489,"B","A/B","AHY","F",16.4,NA,NA,6.91,5.14,6.01,67,16.52,53,"01103F5976","BT290","BH3","AJS","NA","N"
"158","PABU",2019-05-26,"NC",0,"BHI",NA,NA,1831,45746,"A/(Y/R)","K/W","ASY","M ",NA,NA,NA,NA,NA,NA,NA,NA,NA,"NA","BT232","BH3","AJS","RECAP, GEO WAS OFF-CENTER SO WE CUT OFF BT242 AND REPLACED WITH BT 232","R"
"159","PABU",2019-05-26,"NC",0,"BHI",NA,NA,2511,40532,"A/(Y/R)","GRAY","ASY","M",16.8,NA,NA,7.98,4.7,5.79,72,18.26,56,"NA","NA","BH3","AJS","MISSING ALL TOES ON R, NO GEO APPLIED","R"
"160","PABU",2019-05-27,"NC",0,"BHI",NA,NA,2811,18488,"B","A/B","AHY","F",15.5,NA,NA,6.78,5.43,4.27,62,16.33,50,"01103F5CF0","BT275","BH4","AJS","NA","N "
"161","PABU",2019-05-27,"NC",0,"BHI",NA,NA,2811,18487,"B","A","SY","M",16.5,NA,NA,7.15,5.78,5.02,68,17.12,55,"01103F6B40","NA","BH4","AJS","NA","N"
"162","PABU",2019-05-27,"NC",0,"BHI",NA,NA,2811,18486,"B","A","SY","M",16.5,NA,NA,7.85,5.19,6.22,67,19.02,54,"01103F51CA","NA","BH4","CJS","NA","N "
"163","PABU",2019-05-27,"NC",0,"BHI",NA,NA,2811,18485,"B","A","SY","M",16.7,NA,NA,8.3,5.7,6.55,68,18.48,58,"01103F84F7","NA","BH4","CJS","NA","N"
"164","PABU",2019-05-27,"NC",0,"BHI",NA,NA,2811,18484,"B","A/B","ASY","M",16.6,NA,NA,7.09,4.97,5.07,69,16.82,59,"01103F8DA9","BT242","BH4","AJS","THIS GEO WAS CUT OFF A BIRD YESTERDAY AND REAPPLIED TODAY","N "
"165","PABU",2019-05-27,"NC",0,"BHI",NA,NA,2811,18483,"B","A/B","ASY","M",16.3,NA,NA,7.75,5.32,6.45,72,18.31,57,"01103F573D","BT250","BH4","AJS","FEMALE GEO ON MALE; ","N"
"166","PABU",2019-05-27,"NC",0,"BHI",NA,NA,2811,18482,"B","A","SY","M",16.1,NA,NA,7.31,5.02,6.56,69,19.59,55,"01103F4E5F","NA","BH4","CJS","NA","N "
"167","PABU",2019-05-27,"NC",0,"BHI",NA,NA,2811,18481,"B","A","SY","M",14.8,NA,NA,7.77,4.83,6.06,66,18.86,59,"01103F8146","NA","BH4","CJS","RECENTLY HEALED INJURY ON SCALP, DOUBLE-CHECKED WEIGHT","N"
"168","PABU",2019-05-27,"NC",0,"BHI",NA,NA,2811,18480,"B","A/B","AHY","F",16.4,NA,NA,7.64,5.22,6.17,64,17.81,51,"01103F8D51","BT255","BH4","AJS","NA","N "
"169","PABU",2019-05-27,"NC",0,"BHI",NA,NA,2811,18479,"B","A","SY","M",17.8,NA,NA,8.32,5.33,6.22,69,19.06,54,"01103F7AC3","NA","BH1","CJS","NA","N"
"170","PABU",2019-05-27,"NC",0,"BHI",NA,NA,2811,18478,"B","A/B","ASY","M",15.6,NA,NA,7.49,4.69,6.16,68,17.72,55,"01103F4440","BT277","BH1","AJS","FEMALE GEO ON MALE, HAD SOME SKIN DISEASE ON SCALP","N "
"171","PABU",2019-05-28,"NC",0,"BHI",NA,NA,2521,33215,"Y","A/R","ASY","F",15.1,NA,NA,6.98,4.46,5.76,66,16.38,52,"NA","BT274","BH2","AJS","NA","R"
"172","PABU",2019-05-29,"SC",0,"SPIS",NA,NA,2811,18477,"R","A/R","AHY","F",15.3,NA,NA,7,4.73,5.54,67,19,57,"01103F6805","BT251","NACE","AJS","NA","N "
"173","PABU",2019-05-29,"SC",0,"SPIS",NA,NA,2811,18476,"R","R/A","AHY","F",14.9,NA,NA,9.21,5.17,6.09,65,17.52,52,"01103F4A5A","BT288","NACE","AJS","NA","N"
"174","PABU",2019-05-29,"SC",0,"SPIS",NA,NA,2811,18475,"R","R/A","ASY","F",14.8,NA,NA,7.71,5.19,5.76,64,NA,57,"01103F879A","BT289","NACE","AJS","NA","N "
"175","PABU",2019-05-29,"SC",0,"SPIS",NA,NA,2521,44800,"R","R/A","ASY","F",14.2,NA,NA,7.62,4.1,5.24,65,17.7,50,"01103F6A91","BT254","NACE","AJS","NA","R"
"176","PABU",2019-05-29,"SC",0,"SPIS",NA,NA,2811,18474,"R","A","SY","M",15.3,NA,NA,NA,NA,NA,NA,NA,NA,"01103F8B8B","NA","NACE","CJS","PROCESSED QUICKLY SO WE COULD WORK ON THE GEO BIRD","N "
"177","PABU",2019-05-30,"SC",0,"SPIS",NA,NA,2811,18473,"R","A","SY","F",16.7,NA,NA,7.1,4.16,5.6,64,16.46,54,"01103F78DA","NA","WEST","AJS","NA","N"
"178","PABU",2019-05-30,"SC",0,"SPIS",NA,NA,2811,18472,"R","A","SY","M",14.9,NA,NA,8.47,6.38,6.47,68,18.67,55,"01103F595A","NA","WEST","CJS","NA","N "
"179","PABU",2019-05-30,"SC",0,"SPIS",NA,NA,2811,18471,"R","A","SY","M",14.4,NA,NA,8.03,4.96,6.36,68,17.94,59,"01103F5316","NA","WEST","CJS","NA","N"
"180","PABU",2019-05-30,"SC",0,"SPIS",NA,NA,2811,18470,"R","R/A","ASY","F",17.1,NA,NA,7.53,4.96,5.72,66,18.35,53,"01103F5F38","BT293","WEST","AJS","NA","N "
"181","PABU",2019-05-30,"SC",0,"SPIS",NA,NA,2811,18469,"R","R/A","AHY","F",15.7,NA,NA,6.91,5.09,6.41,64,16.89,52,"01103F6741","BT278","WEST","AJS","NA","N"
"182","PABU",2019-05-30,"SC",0,"SPIS",NA,NA,2811,18468,"R","R/A","ASY","F",14.2,NA,NA,7.69,5.1,5.68,65,18,54,"01103F88AC","BT260","WEST","AJS","NA","N "
"183","PABU",2019-05-30,"SC",0,"SPIS",NA,NA,2631,2685,"R","R/A","ASY","F",14.1,NA,NA,8.24,4.97,5.85,67,17.61,59,"01103F5890","BT299","WEST","AJS","BLUE BODY FEATHERS","R"
"184","PABU",2019-05-30,"SC",0,"SPIS",NA,NA,2631,2696,"R","R/A","ASY","F",14.6,NA,NA,7.4,5.27,6.03,66,17.42,53,"01103F5ACB","BT264","WEST","AJS","NA","R"
"185","PABU",2019-05-30,"SC",0,"SPIS",NA,NA,2631,2686,"R","A","ASY","F",15.3,NA,NA,8.79,5.24,6.08,66,19.08,53,"01103F820D","NA","WEST","CJS","NA","R"
"186","PABU",2019-05-30,"SC",0,"SPIS",NA,NA,2811,18467,"R","A","SY","M",14.8,NA,NA,8.26,4.68,6.17,66,18.58,60,"01103F854F","NA","WEST","CJS","PEANUT","N "
"187","PABU",2019-05-30,"SC",0,"SPIS",NA,NA,2631,2690,"R/A","A","ASY","M",16.4,NA,NA,8.16,4.5,5.81,71,17.38,55,"01103F81E9","BT216","WEST","AJS","BALDY","R"
"188","PABU",2019-05-31,"SC",0,"SPIS",NA,NA,2811,18466,"R","A","SY","M",15.6,NA,NA,8.8,5.18,6.78,68,19.35,58,"01103F8C74","NA","COOP","CJS","NA","N "
"189","PABU",2019-05-31,"SC",0,"SPIS",NA,NA,2811,18465,"R","A","SY","F",15.9,NA,NA,7.95,5.5,5.92,66,17.98,59,"01103F525E","NA","NACE","CJS","NA","N"
"190","PABU",2019-05-31,"SC",0,"SPIS",NA,NA,2811,18464,"R","A","SY","M",16.5,NA,NA,8.39,5.79,6.45,67,19.61,59,"01103F62DA","NA","NACE","CJS","NA","N "
"191","PABU",2019-05-31,"SC",0,"SPIS",NA,NA,2521,44795,"R/A","R","ASY","M",15.7,NA,NA,7.91,4.6,5.91,70,18.66,55,"01103F5DCA","BT285","NACE","AJS","ADDED R OVER A, recovered BN959","R"
"192","PABU",2019-05-31,"SC",0,"SPIS",NA,NA,2521,44772,"R/A","R","ASY","M",16.3,NA,NA,7.22,4.25,6.5,70,16.56,56,"01103F4449","BT234","NACE","AJS","ADDED R OVER A, recovered BP038","R"
"193","PABU",2019-05-31,"SC",0,"SPIS",NA,NA,2521,44776,"R/A","R","ASY","M",16.4,NA,NA,7.76,4.87,5.93,72,16,58,"01103F6EE4","BT238","NACE","AJS","ADDED R OVER A,recovered BP026","R"
"194","PABU",2019-05-31,"SC",0,"SPIS",NA,NA,2811,18463,"A","R/A","ASY","F",16.2,NA,NA,7.52,4.37,5.16,66,17.6,55,"01103F528E","BT295","NACE","AJS","NA","N "
"195","PABU",2019-06-01,"SC",0,"SPIS",NA,NA,2811,18462,"R","A","SY","M",15.7,NA,NA,7.81,5.33,6.82,66,19.04,53,"01103F4230","NA","NEAL","CJS","NA","N"
"196","PABU",2019-06-01,"SC",0,"SPIS",NA,NA,2811,18461,"R","A","SY","M",15.1,NA,NA,8.26,5.6,6.82,68,18.81,54,"01103F40B4","NA","NEAL","CJS","NA","N "
"197","PABU",2019-06-01,"SC",0,"SPIS",NA,NA,2521,44775,"R","R/A","ASY","F",15.2,NA,NA,7.31,4.74,5.92,66,17.72,54,"01103F4CFC","BT276","NEAL","AJS","LAST FEMALE GEO FOR SC","R"
"198","PABU",2019-06-01,"SC",0,"SPIS",NA,NA,2811,18460,"R","A","ASY","F",17.3,NA,NA,7.85,5.74,6.5,66,19.16,56,"01103F53A3","NA","NEAL","CJS","NA","N "
"199","PABU",2019-06-02,"SC",0,"SPIS",NA,NA,2811,18459,"R","A","ASY","F",14.1,NA,NA,7.62,5.48,6.53,64,17.93,58,"01103F73D7","NA","HOUS","CJS","NA","N"
"200","PABU",2019-06-02,"SC",0,"SPIS",NA,NA,2811,18458,"R","A","ASY","F",15,NA,NA,7.61,5.04,6.08,65,19.39,55,"01103F6EC8","NA","HOUS","CJS","NA","N"
"201","PABU",2019-06-02,"SC",0,"SPIS",NA,NA,2811,18457,"R","A","SY","F",16.1,NA,NA,8.31,5.33,6.37,66,19.08,61,"0700EDB191","NA","HOUS","CJS","NA","N"
"202","PABU",2019-06-02,"SC",0,"SPIS",NA,NA,2521,44770,"R/A","R","ASY","M",NA,NA,NA,8.28,4.4,6.01,69,17.32,54,"01103F7956","BT222","HOUS","AJS","ADDED R OVER A, recovered BP015, FORGOT TO WEIGH","R"
"203","PABU",2019-06-02,"SC",0,"SPIS",NA,NA,2811,18456,"R","A","SY","M",15.9,NA,NA,8.52,5.22,6.27,67,18.98,60,"01103F49CF","NA","HOUS","CJS","NA","N"
"204","PABU",2019-06-03,"SC",0,"SPIS",NA,NA,2811,18455,"R","A","ASY","F",14.2,NA,NA,8.25,5.19,6.36,65,18.37,54,"01103F7DF8","NA","HOUS","CJS","NA","N"
"205","PABU",2019-06-03,"SC",0,"SPIS",NA,NA,2811,18454,"R","A","SY","M",15.7,NA,NA,8.78,5.35,6.36,67,18.96,59,"01103F4F9B","NA","HOUS","CJS","NA","N"
"206","PABU",2019-06-03,"SC",0,"SPIS",NA,NA,2811,18453,"R","A","SY","F",14.6,NA,NA,8.28,6.43,4.97,62,17.52,61,"01103F6220","NA","WEST","CJS","NA","N"
"207","PABU",2019-06-03,"SC",0,"SPIS",NA,NA,2811,18452,"R","A","SY","F",14,NA,NA,7.66,5.35,6.09,64,18.99,59,"01103F8575","NA","WEST","CJS","NA","N"
"208","PABU",2019-06-03,"SC",0,"SPIS",NA,NA,2811,18451,"R","A","SY","M",15.5,NA,NA,8.16,5.55,6.44,65,19.5,56,"01103F8683","NA","WEST","CJS","NA","N"
"209","PABU",2019-06-03,"SC",0,"SPIS",NA,NA,2811,18201,"R","R/A","ASY","M",16.5,NA,NA,7.38,4.94,5.7,71,17.94,58,"01103F6B38","BT230","WEST","AJS","NA","N"
"210","PABU",2019-06-03,"SC",0,"SPIS",NA,NA,2631,2691,"R","A","ASY","F",13.5,NA,NA,8.42,5.35,6.24,64,18.25,56,"01103F4763","NA","WEST","CJS","NA","R"
"211","PABU",2019-06-03,"SC",0,"SPIS",NA,NA,2631,2681,"R/A","R/A","ASY","M",15.4,NA,NA,7.46,5.46,6.06,72,17.29,57,"01101715B1","BT210","WEST","AJS","ADDED R OVER A, recovered  BN985","R"
"212","PABU",2019-06-04,"SC",0,"SPIS",NA,NA,2811,18202,"R","A","SY","M",15.3,NA,NA,8.3,5.44,6.23,67,18.24,56,"01103F6F8A","NA","BASA","CJS","NA","N"
"213","PABU",2019-06-04,"SC",0,"SPIS",NA,NA,2521,44786,"A","R","ASY","F",15.7,NA,NA,8.25,5.17,6.07,66,18.07,53,"0700EDF573","NA","COOP","CJS","NA","R"
"214","PABU",2019-06-04,"SC",0,"SPIS",NA,NA,2811,18203,"R","A","SY","M",16.1,NA,NA,9,5.15,6.5,66,19.41,59,"01103F7EAE","NA","COOP","CJS","NA","N"
"215","PABU",2019-06-04,"SC",0,"SPIS",NA,NA,2811,18204,"A","R","SY","F",15.8,NA,NA,8.05,5.07,5.95,64,18.72,54,"01103F51DF","NA","COOP","CJS","NA","N"
"216","PABU",2019-06-05,"SC",0,"SPIS",NA,NA,2521,44785,"R","A","ASY","F",14.2,NA,NA,8.08,5.44,6.22,64,19.33,59,"01103F88CD","NA","COOP","CJS","NA","R"
"217","PABU",2019-06-06,"SC",0,"SPIS",NA,NA,2521,44787,"A","R","ASY","M",14,NA,NA,9.09,4.65,6.06,68,18.27,53,"01103F892B","NA","NEAL","AJS","UNDERWEIGHT FOR GEO","R"
"218","PABU",2019-06-06,"SC",0,"SPIS",NA,NA,2811,18205,"A","R","ASY","F",14.9,NA,NA,8.32,5.09,6.58,64,18.16,58,"01103F7059","NA","NEAL","CJS","NA","N"
"219","PABU",2019-06-06,"SC",0,"SPIS",NA,NA,2811,18206,"A","R","SY","M",14.7,NA,NA,7.61,5.03,6.42,64,18.32,50,"01103F868D","NA","NEAL","CJS","NA","N"
"220","PABU",2019-06-06,"SC",0,"SPIS",NA,NA,2521,44790,"R","A","ASY","F",16.4,NA,NA,8.02,4.92,6.13,66,18.19,61,"01103F5CDB","NA","COOP","CJS","NA","R"
"221","PABU",2019-06-07,"SC",0,"SPIS",NA,NA,2811,18207,"R","A","SY","F",14.9,NA,NA,8.52,5.37,6.38,66,18.7,53,"01103F58C4","NA","WEST","CJS","NA","N"
"222","PABU",2019-06-07,"SC",0,"SPIS",NA,NA,2811,18208,"B","R/A","ASY","M",16.6,NA,NA,7.29,5.5,6.1,71,18.36,61,"01103F8E40","BT204","COOP","AJS","NA","N"
"223","PABU",2019-06-07,"SC",0,"SPIS",NA,NA,2811,18209,"B","R/A","ASY","M",17,NA,NA,7.64,4.9,5.9,68,16.83,58,"01103F4E3A","BT211","COOP","AJS","NA","N"
"224","PABU",2019-06-08,"SC",0,"SPIS",NA,NA,2631,2683,"A","B","SY","M",15.3,NA,NA,8.46,4.83,6.65,68,19.3,55,"01103F7EF7","NA","WEST","CJS","NA","R"
"225","PABU",2019-06-08,"SC",0,"SPIS",NA,NA,2631,2694,"B","R/A","ASY","M",15.2,NA,NA,8.15,5.67,6.03,68,16.34,55,"01103F5493","BT235","WEST","AJS","NA","R"
"226","PABU",2019-06-08,"SC",0,"SPIS",NA,NA,2631,2698,"B","R/A","ASY","M",14.7,NA,NA,7.68,5.3,6.3,69,16.85,55,"01103F8B18","BT236","WEST","AJS","NA","R"
"227","PABU",2019-06-08,"SC",0,"SPIS",NA,NA,2811,18210,"B","A","SY","M",14,NA,NA,7.9,5.17,6.18,66,17.87,56,"01103F57DB","NA","WEST","CJS","NA","N"
"228","PABU",2019-06-09,"SC",0,"SPIS",NA,NA,2631,2695,"A","B","ASY","M",15.8,NA,NA,8.19,5.29,6.36,68,18.75,59,"01103F6B3D","NA","WEST","CJS","recovered BP030","R"
"229","PABU",2019-06-09,"SC",0,"SPIS",NA,NA,2811,18211,"A","B","SY","M",15,NA,NA,7.67,5.12,6,69,18.17,62,"01103F3EAF","NA","WEST","CJS","NA","N"
"230","PABU",2019-06-13,"SC",0,"SPIS",NA,NA,2811,18212,"B","A","ASY","M",16.7,NA,NA,7.94,5.15,6.24,70,18.43,57,"01103F7CB8","NA","NEAL","AJS","HARVEY DENT ","N"
"231","PABU",2019-06-13,"SC",0,"SPIS",NA,NA,2811,18213,"B","A","ASY","M",16.6,NA,NA,8.47,5.54,6.45,72,18.5,59,"01103F81EF","NA","NEAL","CJS","NA","N"
"232","PABU",2019-06-14,"SC",0,"SPIS",NA,NA,2811,18214,"B","A","ASY","F",18.5,NA,NA,7.71,4.65,5.86,65,16.35,51,"01103F47F8","NA","NACE","AJS","NA","N"
"233","PABU",2019-06-15,"SC",0,"SPIS",NA,NA,2811,18215,"A","B","SY","M",18.37,NA,NA,7.88,5.16,5.97,66,18.37,55,"01103F8DBC","NA","BASA","CJS","NA","N"
"234","PABU",2019-06-16,"SC",0,"SPIS",NA,NA,2811,18216,"A","B","ASY","M",15,NA,NA,7.67,5.19,5.83,68,17.94,60,"01103F8139","NA","WEST","CJS","NA","N"
"235","PABU",2019-06-18,"FL",0,"LTSP",NA,NA,2811,18217,"G","A","SY","F",NA,NA,NA,8.42,5.47,6.36,63,19.06,53,"10013F4FD5","NA","KATH","CJS","NA","N"
"236","PABU",2019-06-18,"FL",0,"LTSP",NA,NA,2811,18218,"NA","A","HY","U",14.2,NA,NA,7.77,5.26,6.11,63,19.08,55,"NA","NA","KATH","CJS","NA","N"
"237","PABU",2019-06-18,"FL",0,"LTSP",NA,NA,2811,18219,"G","A","SY","M",15.6,NA,NA,8.26,5.38,6.41,66,19.44,55,"01103F80C0","NA","KATH","CJS","NA","N"
"238","PABU",2019-06-18,"FL",0,"LTSP",NA,NA,2811,18220,"G","A","SY","M",16.7,NA,NA,8.53,5.39,6.19,70,19.12,58,"01103F5A04","NA","KATH","CJS","NA","N"
"239","PABU",2019-06-18,"FL",0,"LTSP",NA,NA,2811,18221,"G","A","SY","M",15.2,NA,NA,8.19,5.43,6.32,65,18.4,58,"01103F6088","NA","KATH","CJS","NA","N"
"240","PABU",2019-06-18,"FL",0,"LTSP",NA,NA,2811,18222,"G","A","SY","M",15.3,NA,NA,8,5.44,6.12,68,18.53,56,"01103F5746","NA","KATH","CJS","NA","N"
"241","PABU",2019-06-18,"FL",0,"LTSP",NA,NA,2811,18223,"G","A","SY","M",14.9,NA,NA,8.3,5.22,6.07,68,17.49,58,"01103F812F","NA","KATH","CJS","NA","N"
"242","PABU",2019-06-18,"FL",0,"LTSP",NA,NA,2811,18224,"G","A","SY","M",15.9,NA,NA,7.77,5.69,6.22,66,19.1,53,"01103F7961","NA","KATH","CJS","NA","N"
"243","PABU",2019-06-18,"FL",0,"LTSP",NA,NA,2631,2645,"G","A","ASY","F",15.2,NA,NA,6.88,5.2,5.9,65,15.5,55,"01103F42B0","NA","KATH","AJS","NA","R"
"244","PABU",2019-06-18,"FL",0,"LTSP",NA,NA,2020,49019,"A","Y","ASY","M",14.4,NA,NA,7.22,4.93,5.73,69,16,56,"NA","NA","KATH","AJS","RECOVERED BF519","R"
"245","PABU",2019-06-18,"FL",0,"LTSP",NA,NA,2811,18225,"NA","A","SY","M",NA,NA,NA,NA,NA,NA,NA,NA,NA,"NA","NA","KATH","AJS","NA","N"
"246","PABU",2019-06-18,"FL",0,"LTSP",NA,NA,2811,18226,"G","A","SY","F",NA,NA,NA,NA,NA,NA,NA,NA,NA,"01103F5B7A","NA","KATH","CJS","NA","N"
"247","PABU",2019-06-18,"FL",0,"LTSP",NA,NA,2811,18227,"G","A","SY","M",17.2,NA,NA,7.84,4.7,6.16,55,17.52,55,"01103F60B5","NA","KATH","AJS","NA","N"
"248","PABU",2019-06-19,"FL",0,"LTSP",NA,NA,2811,18228,"G","A","SY","M",15,NA,NA,8.13,5.5,6.66,68,17.93,55,"01103F8BFF","NA","KATH","CJS","NA","N"
"249","PABU",2019-06-19,"FL",0,"LTSP",NA,NA,2811,18229,"G","A","SY","F",16.2,NA,NA,8.26,5.8,6.21,64,19.56,53,"01103F46B5","NA","KATH","CJS","NA","N"
"250","PABU",2019-06-19,"FL",0,"LTSP",NA,NA,2811,18230,"G","A","SY","M",16.8,NA,NA,8.24,5.84,6.49,67,18.92,54,"01103F8AAA","NA","KATH","CJS","NA","N"
"251","PABU",2019-06-19,"FL",0,"LTSP",NA,NA,2631,2645,"G","G/A","ASY","F",15.2,NA,NA,NA,NA,NA,NA,NA,NA,"NA","BT296","KATH","AJS","RECAP FROM YESTERDAY","R"
"252","PABU",2019-06-19,"FL",0,"LTSP",NA,NA,2811,18231,"G","A","ASY","M",14.2,NA,NA,NA,NA,NA,NA,NA,NA,"01103F55E1","NA","KATH","CJS","NA","N"
"253","PABU",2019-06-19,"FL",0,"LTSP",NA,NA,2811,18232,"G","A","SY","M",NA,NA,NA,NA,NA,NA,NA,NA,NA,"01103F82AC","NA","KATH","AJS","NA","N"
"254","PABU",2019-06-19,"FL",0,"LTSP",NA,NA,2811,18233,"G","A","SY","F",NA,NA,NA,NA,NA,NA,NA,NA,NA,"01103F761C","NA","KATH","CJS","NA","N"
"255","PABU",2019-06-19,"FL",0,"LTSP",NA,NA,2631,2649,"G","A","ASY","M",14.9,NA,NA,8.17,5.35,6.39,70,17.82,61,"01103F7D6E","NA","KATH","CJS","NA","R"
"256","PABU",2019-06-19,"FL",0,"LTSP",NA,NA,2631,2641,"G","G/A","ASY","F",14.1,NA,NA,7.71,4.6,5.39,65,17.64,54,"01103F403A","BT265","KATH","AJS","NA","R"
"257","PABU",2019-06-19,"FL",0,"LTSP",NA,NA,2631,2637,"G/A","G","ASY","M",15.6,NA,NA,7.32,4.81,6.13,69,18.26,55,"01103F3DAF","BT228","KATH","AJS","RECOVERED BN992","R"
"258","PABU",2019-06-19,"FL",0,"LTSP",NA,NA,2811,18234,"G","A","SY","M",NA,NA,NA,NA,NA,NA,NA,NA,NA,"01103F5E7B","NA","KATH","CJS","NA","N"
"259","PABU",2019-06-19,"FL",0,"LTSP",NA,NA,2631,2662,"G","A","ASY","M",14.2,NA,NA,NA,NA,NA,NA,NA,NA,"01103F7763","NA","KATH","CJS","NA","R"
"260","PABU",2019-06-19,"FL",0,"LTSP",NA,NA,2631,2677,"G/A","G","ASY","M",15.4,NA,NA,7.24,5.24,5.84,67,17.92,55,"01103F459E","BT200","KATH","AJS","NA","R"
"261","PABU",2019-06-19,"FL",0,"LTSP",NA,NA,2811,18235,"G","A","SY","M",16.2,NA,NA,8.34,5.21,6.38,66,19.1,55,"01103F4CD4","NA","KATH","CJS","NA","N"
"262","PABU",2019-06-19,"FL",0,"LTSP",NA,NA,2811,18236,"G","A","SY","M",15.1,NA,NA,7.66,5.1,6.12,68,18.64,55,"01103F3C8C","NA","KATH","CJS","NA","N"
"263","PABU",2019-06-19,"FL",0,"LTSP",NA,NA,2811,18237,"G","A","SY","F",14.9,NA,NA,8.14,5.42,6.06,64,18.56,55,"01103F7D7E","NA","KATH","CJS","NA","N"
"264","PABU",2019-06-19,"FL",0,"LTSP",NA,NA,2811,18238,"G","A","SY","M",14.3,NA,NA,7.93,5.8,6.27,65,17.56,57,"01103F4E57","NA","KATH","CJS","NA","N"
"265","PABU",2019-06-19,"FL",0,"LTSP",NA,NA,2811,18239,"G","G/A","ASY","M",15.5,NA,NA,8.14,4.7,5.71,68,17.64,55,"01103F7FF2","BT226","KATH","AJS","NA","N"
"266","PABU",2019-06-19,"FL",0,"LTSP",NA,NA,2811,18241,"G","A","SY","M",15,NA,NA,8,5.02,6.29,69,18.51,56,"01103F547F","NA","KATH","CJS","NA","N"
"267","PABU",2019-06-19,"FL",0,"LTSP",NA,NA,2811,18240,"G","A","SY","F",15,NA,NA,8.3,5.54,6.49,63,18.6,55,"01103F3C8F","NA","KATH","CJS","NA","N"
"268","PABU",2019-06-19,"FL",0,"LTSP",NA,NA,2811,18242,"G","A","SY","M",14.9,NA,NA,8.06,5.24,6.27,67,18.87,55,"01103F6266","NA","KATH","CJS","NA","N"
"269","PABU",2019-06-19,"FL",0,"LTSP",NA,NA,2811,18243,"G","A","SY","M",15.1,NA,NA,7.83,5.42,6.29,66,18.07,60,"01103F3B72","NA","KATH","CJS","NA","N"
"270","PABU",2019-06-19,"FL",0,"LTSP",NA,NA,2811,18244,"NA","A","SY","M",15.1,NA,NA,8.57,5.61,6.25,67,18.62,57,"NA","NA","KATH","CJS","NA","N"
"271","PABU",2019-06-19,"FL",0,"LTSP",NA,NA,2020,49006,"NA","A","ASY","M",16.8,NA,NA,7.81,5.15,6.16,72,18.3,65,"NA","NA","KATH","AJS","RECOVERED BP042","R"
"272","PABU",2019-06-19,"FL",0,"LTSP",NA,NA,2631,2632,"NA","G/A","ASY","F",15.2,NA,NA,8.22,4.96,5.73,63,16.4,52,"NA","BT279","KATH","AJS","NA","R"
"273","PABU",2019-06-19,"FL",0,"LTSP",NA,NA,2631,2642,"G/A","NA","ASY","M",16.7,NA,NA,6.4,4.7,5.56,66,18,53,"NA","BT215","KATH","AJS","RECOVERED BP007","R"
"274","PABU",2019-06-19,"FL",0,"LTSP",NA,NA,2631,2647,"NA","G/A","ASY","F",18.5,NA,NA,7.47,4.95,5.72,66,16.7,56,"NA","BT283","KATH","AJS","NA","R"
"275","PABU",2019-06-19,"FL",0,"LTSP",NA,NA,2811,18245,"G","A","SY","M",14.2,NA,NA,8.63,5.6,6.01,66,18.94,57,"01103F7CE2","NA","KATH","CJS","NA","N"
"276","PABU",2019-06-19,"FL",0,"LTSP",NA,NA,2811,18231,"G","G/A","ASY","M",15.3,NA,NA,NA,NA,NA,NA,NA,NA,"NA","BT223","KATH","AJS","NA","R"
"277","PABU",2019-06-19,"FL",0,"LTSP",NA,NA,2631,2657,"NA","G/A","ASY","F",15.8,NA,NA,NA,NA,NA,NA,NA,NA,"NA","BT298","KATH","AJS","NA","R"
"278","PABU",2019-06-19,"FL",0,"LTSP",NA,NA,2020,49019,"A","NA","ASY","M",14.4,NA,NA,NA,NA,NA,NA,NA,NA,"NA","NA","KATH","AJS","NA","R"
"279","PABU",2019-06-19,"FL",0,"LTSP",NA,NA,2631,2655,"NA","G/A","ASY","F",16.5,NA,NA,NA,NA,NA,NA,NA,NA,"NA","BT291","KATH","AJS","NA","R"
"280","PABU",2019-06-19,"FL",0,"LTSP",NA,NA,2811,18246,"NA","G/A","ASY","M",16.5,NA,NA,NA,NA,NA,NA,NA,NA,"NA","BT239","KATH","AJS","NA","N"
"281","PABU",2019-06-19,"FL",0,"LTSP",NA,NA,2631,2636,"NA","G/A","ASY","F",15,NA,NA,NA,NA,NA,NA,NA,NA,"NA","BT287","KATH","AJS","NA","R"
"282","PABU",2019-06-20,"FL",0,"LTSP",NA,NA,2020,49015,"G/A","NA","ASY","M",15,NA,NA,7.67,4.65,5.8,70,16.18,55,"NA","BT229","KATH","AJS","RECOVERED BP041","R"
"283","PABU",2019-06-20,"FL",0,"LTSP",NA,NA,2811,18247,"NA","A","SY","M",15.3,NA,NA,8.4,5.77,5.83,67,17.49,55,"NA","NA","KATH","CJS","NA","N"
"284","PABU",2019-06-20,"FL",0,"LTSP",NA,NA,2631,2660,"NA","A","SY","M",15.5,NA,NA,8.14,5.44,6.37,65,18.68,53,"NA","NA","KATH","CJS","NA","R"
"285","PABU",2019-06-20,"FL",0,"LTSP",NA,NA,2811,18248,"NA","A","SY","F",19.7,NA,NA,7.42,5.27,6.05,65,17.27,53,"NA","NA","KATH","AJS","NA","N"
"286","PABU",2019-06-24,"FL",0,"LTSP",NA,NA,2811,18249,"G","A","SY","M",15.2,NA,NA,8.41,4.72,6.04,66,17.81,53,"01103F6FCD","NA","RANG","CJS","NA","N"
"287","PABU",2019-06-24,"FL",0,"LTSP",NA,NA,2631,2666,"G","G/A","ASY","F",18.1,NA,NA,7.68,4.1,6.15,67,17.99,56,"01103F800C","BT286","RANG","AJS","NA","R"
"288","PABU",2019-06-24,"FL",0,"LTSP",NA,NA,2811,18250,"G","A","SY","F",NA,NA,NA,NA,NA,NA,NA,NA,NA,"01103F66F8","NA","RANG","CJS","NA","N"
"289","PABU",2019-06-24,"FL",0,"LTSP",NA,NA,2811,18251,"G","A","SY","M",NA,NA,NA,NA,NA,NA,NA,NA,NA,"01103F583D","NA","RANG","CJS","NA","N"
"290","PABU",2019-06-24,"FL",0,"LTSP",NA,NA,2631,2656,"G","G/A","ASY","F",15.8,NA,NA,8.26,5.07,5.89,63,18.66,52,"01103F8923","BT262","RANG","AJS","NA","R"
"291","PABU",2019-06-24,"FL",0,"LTSP",NA,NA,2631,2674,"G","G/A","ASY","F",16.1,NA,NA,8,4.66,6.19,66,18,54,"01103F801F","BT292","RANG","AJS","NA","R"
"292","PABU",2019-06-24,"FL",0,"LTSP",NA,NA,2631,2672,"G","A","ASY","F",14.6,NA,NA,8.09,5.71,6.33,64,18.32,58,"01103F55FC","NA","RANG","CJS","NA","R"
"293","PABU",2019-06-24,"FL",0,"LTSP",NA,NA,2811,18252,"G","A","ASY","F",16.5,NA,NA,7.09,5.53,6.42,63,17.86,52,"01103F412D","NA","RANG","CJS","NA","N"
"294","PABU",2019-06-24,"FL",0,"LTSP",NA,NA,2811,18253,"G","A","SY","M",15.1,NA,NA,7.83,5.42,6.1,67,18,53,"01103F7B9C","NA","RANG","CJS","NA","N"
"295","PABU",2019-06-24,"FL",0,"LTSP",NA,NA,2631,2667,"G","G/A","ASY","M",15.6,NA,NA,NA,NA,NA,NA,NA,NA,"01103F8ABD","BT227","RANG","AJS","NA","R"
"296","PABU",2019-06-24,"FL",0,"LTSP",NA,NA,2811,18254,"G","G/A","ASY","M",16,NA,NA,NA,NA,NA,NA,NA,NA,"01103F58E9","BT201","RANG","AJS","NA","N"
"297","PABU",2019-06-24,"FL",0,"LTSP",NA,NA,2631,2665,"G","A","ASY","F",18.2,NA,NA,7.74,5.67,6.29,64,18.46,54,"01103F5AB0","NA","RANG","CJS","NA","R"
"298","PABU",2019-06-24,"FL",0,"LTSP",NA,NA,2811,18255,"G","G/A","ASY","M",15.8,NA,NA,NA,NA,NA,NA,NA,NA,"01103F4351","BT233","RANG","AJS","NA","N"
"299","PABU",2019-06-24,"FL",0,"LTSP",NA,NA,2631,2670,"A","G","ASY","M",16.7,NA,NA,8.21,5.51,6.27,70,18.88,59,"01103F4E1F","NA","RANG","CJS","RECOVERED BP018","R"
"300","PABU",2019-06-24,"FL",0,"LTSP",NA,NA,2631,2664,"G","A","ASY","M",15.6,NA,NA,8.28,5.32,5.93,68,18.71,55,"01103F6015","NA","RANG","CJS"," HEALED BROKEN LEFT LEG","R"
"301","PABU",2019-06-25,"FL",0,"LTSP",NA,NA,2631,2671,"A","G","ASY","M",16.4,NA,NA,6.6,4.46,5.53,70,17.11,55,"01103F3FEB","NA","RANG","AJS","RECOVERED BP002","R"
"302","PABU",2019-06-26,"FL",0,"LTSP",NA,NA,2020,49004,"A","G","ASY","M",NA,NA,NA,NA,NA,NA,NA,NA,NA,"01103F6455","NA","KATH","CJS","RECOVERED BN980","R"
"303","PABU",2019-06-26,"FL",0,"LTSP",NA,NA,2811,18257,"NA","A","ASY","F",NA,NA,NA,NA,NA,NA,NA,NA,NA,"NA","NA","KATH","CJS","NA","N"
"304","PABU",2019-06-26,"FL",0,"LTSP",NA,NA,2631,2660,"G","A","SY","F",NA,NA,NA,NA,NA,NA,NA,NA,NA,"01103F8791","NA","KATH","CJS","NA","R"
"305","PABU",2019-06-27,"FL",0,"LTSP",NA,NA,2631,2648,"NA","A","ASY","F",NA,NA,NA,NA,NA,NA,NA,NA,NA,"NA","NA","KATH","CJS","NA","R"
"306","PABU",2019-06-28,"FL",0,"LTSP",NA,NA,2811,18258,"NA","A","ASY","M",15.9,NA,NA,7.82,5.4,6.06,70,18.5,56,"NA","NA","KATH","CJS","NA","N"
"307","PABU",2019-06-28,"FL",0,"LTSP",NA,NA,2811,18259,"NA","A","SY","M",14.6,NA,NA,7.83,5.14,5.77,66,18.54,54,"NA","NA","KATH","CJS","NA","N"
"308","PABU",2019-06-04,"GA",0,"LSSI",NA,NA,2521,44755,"W/A","R","ASY","M",NA,NA,NA,NA,NA,NA,NA,NA,NA,"NA","NA","RH","VRG","NA","Y"
"309","PABU",2019-06-04,"GA",0,"LSSI",NA,NA,2521,44736,"A","NA","ASY","M",NA,NA,NA,NA,NA,NA,NA,NA,NA,"NA","NA","RH","VRG","Recovered BN999","Y"
"310","PABU",2019-06-05,"GA",0,"LSSI",NA,NA,2521,44747,"A","NA","ASY","M",NA,NA,NA,NA,NA,NA,68,NA,55,NA,"NA","RH","VRG","Recovered BP025","Y"
"311","PABU",2019-06-05,"GA",0,"LSSI",NA,NA,2521,44752,"A","NA","ASY","M",NA,NA,NA,NA,NA,NA,64,NA,NA,"NA","NA","RH","VRG","Recovered BP024","Y"
"312","PABU",2019-06-05,"GA",0,"LSSI",NA,NA,2521,44746,"A","NA","ASY","M",NA,NA,NA,NA,NA,NA,68,NA,NA,"NA","NA","RH","VRG","Recovered BN984","Y"
"313","PABU",2019-06-05,"GA",0,"LSSI",NA,NA,2521,44740,"A","NA","ASY","M",NA,NA,NA,NA,NA,NA,69,NA,NA,"NA","NA","RH","VRG","Recovered BP012","Y"
"314","PABU",2019-06-05,"GA",0,"LSSI",NA,NA,2521,44750,"A","NA","ASY","M",NA,NA,NA,NA,NA,NA,NA,NA,NA,"NA","NA","RH","VRG","Recovered BP034","Y"
"315","PABU",2019-06-06,"GA",0,"LSSI",NA,NA,2020,48913,"A","NA","ASY","M",17.1,NA,NA,NA,NA,NA,68,NA,NA,"NA","NA","RH","VRG","Recovered BF540","Y"
"316","PABU",2019-06-06,"GA",0,"LSSI",NA,NA,2521,48741,"A","NA","ASY","M",NA,NA,NA,NA,NA,NA,NA,NA,NA,"NA","NA","RH","VRG","Recovered BN991","Y"
"317","PABU",2019-06-06,"GA",0,"LSSI",NA,NA,2521,48747,"A","NA","ASY","M",NA,NA,NA,NA,NA,NA,NA,NA,NA,"NA",NA,"RH","VRG","NA","Y"
"318","PABU",2019-06-07,"GA",0,"LSSI",NA,NA,2811,18301,"A","Y","AHY","F",15.6,NA,NA,NA,NA,NA,NA,NA,NA,"011016FD64","BT259","RH","VRG","NA","N"
"319","PABU",2019-06-07,"GA",0,"LSSI",NA,NA,2811,18302,"A","Y","ASY","M",16.5,NA,NA,NA,NA,NA,68,NA,54,"0110170FC6","BT176","RH","VRG","NA","N"
"320","PABU",2019-06-07,"GA",0,"LSSI",NA,NA,2811,18303,"A","Y","AHY","F",16.5,NA,NA,NA,NA,NA,NA,NA,NA,"011017313A","BT281","RH","VRG","NA","N"
"321","PABU",2019-06-07,"GA",0,"LSSI",NA,NA,2811,18304,"A","Y","ASY","M",16.4,NA,NA,NA,NA,NA,NA,NA,NA,"110171031","BT199","RH","VRG","NA","N"
"322","PABU",2019-06-07,"GA",0,"LSSI",NA,NA,2811,18305,"A","Y","AHY","F",16.4,NA,NA,NA,NA,NA,NA,NA,NA,"0110174FEA","BR258","RH","VRG","NA","N"
"323","PABU",2019-06-07,"GA",0,"LSSI",NA,NA,2811,18306,"A","Y","SY","M",16.2,NA,NA,NA,NA,NA,NA,NA,NA,"0110172F12","BT220","RH","VRG","NA","N"
"324","PABU",2019-06-07,"GA",0,"LSSI",NA,NA,2811,18307,"A","Y","ASY","M",16.1,NA,NA,NA,NA,NA,NA,NA,NA,"0110174FC9","BT184","RH","VRG","NA","N"
"325","PABU",2019-06-07,"GA",0,"LSSI",NA,NA,2811,18308,"A","Y","SY","M",15,NA,NA,NA,NA,NA,NA,NA,NA,"0110174FD6","NA","Lodge","VRG","NA","N"
"326","PABU",2019-06-07,"GA",0,"LSSI",NA,NA,2811,18309,"A","Y","ASY","F",15.9,NA,NA,NA,NA,NA,65,NA,52,"011016FCD7","BT253","Lodge","VRG","NA","N"
"327","PABU",2019-06-07,"GA",0,"LSSI",NA,NA,2521,44756,"A","Y","ASY","M",15.9,NA,NA,NA,NA,NA,NA,NA,NA,"0110174C59","NA","Lodge","VRG","Recovered BN981","Y"
"328","PABU",2019-06-07,"GA",0,"LSSI",NA,NA,2521,44750,"A","Y","ASY","M",16,NA,NA,NA,NA,NA,NA,NA,NA,"01101738EA","BT221","Lodge","VRG","NA","Y"
"329","PABU",2019-06-07,"GA",NA,"LSSI",NA,NA,2811,18310,"A","Y","SY","M",15.6,NA,NA,NA,NA,NA,NA,NA,NA,"011016FC9F","NA","Lodge","VRG","NA","N"
"330","PABU",2019-06-07,"GA",NA,"LSSI",NA,NA,2811,18311,"A","Y","ASY","M",14.4,NA,NA,NA,NA,NA,NA,NA,NA,"110174625","BT284","Lodge","VRG","NA","N"
"331","PABU",2019-06-08,"GA",0,"LSSI",NA,NA,2020,48911,"A","Y","ASY","M",16.3,NA,NA,NA,NA,NA,70,19.6,55,"0110170BD2","BT214","RH","VRG","NA","N"
"332","PABU",2019-06-08,"GA",0,"LSSI",NA,NA,2811,18312,"A","Y","ASY","M",15.1,NA,NA,NA,NA,NA,70,21.2,55,"01101738AD","BT183","RH","VRG","NA","N"
"333","PABU",2019-06-08,"GA",0,"LSSI",NA,NA,2811,18313,"A","Y","ASY","M",15.8,NA,NA,NA,NA,NA,66,20.9,56,"0110171E9D","BT207","RH","VRG","NA","N"
"334","PABU",2019-06-08,"GA",0,"LSSI",NA,NA,2811,18314,"A","Y","AHY","F",14.1,NA,NA,NA,NA,NA,64,NA,50,"1.10E+11","BT269","Lodge","VRG","NA","N"
"335","PABU",2019-06-08,"GA",0,"LSSI",NA,NA,2521,44758,"A","Y","ASY","M",16.5,NA,NA,NA,NA,NA,71,NA,52,"0110174D43","BT206","Lodge","VRG","NA","Y"
"336","PABU",2019-06-08,"GA",0,"LSSI",NA,NA,2811,18315,"A","Y","ASY","F",18,NA,NA,NA,NA,NA,65,NA,43,"0110173CEE","BT266","Lodge","VRG","NA","N"
"337","PABU",2019-06-08,"GA",0,"LSSI",NA,NA,2811,18316,"A","Y","AHY","F",14.3,NA,NA,NA,NA,NA,63,NA,48,"0110174A6E","BT272","Lodge","VRG","NA","N"
"338","PABU",2019-06-08,"GA",0,"LSSI",NA,NA,2521,44762,"A","Y","ASY","M",15.8,NA,NA,NA,NA,NA,70,NA,56,"0110174DFB","BT203","Lodge","VRG","NA","Y"
"339","PABU",2019-06-08,"GA",0,"LSSI",NA,NA,2811,18317,"A","Y","SY","M",NA,NA,NA,NA,NA,NA,68,NA,NA,"011017EC0A","NA","Lodge","VRG","NA","N"
"340","PABU",2019-06-08,"GA",0,"LSSI",NA,NA,2811,18318,"A","Y","ASY","F",16.1,NA,NA,NA,NA,NA,64,NA,50,"0110174D47","BT252","Lodge","VRG","NA","N"
"341","PABU",2019-06-08,"GA",0,"LSSI",NA,NA,2811,18319,"A","Y","SY","F",14,NA,NA,NA,NA,NA,63,NA,NA,"01101706CD","BT273","Lodge","VRG","NA","N"
"342","PABU",2019-06-08,"GA",0,"LSSI",NA,NA,2811,18320,"A","Y","ASY","F",14.1,NA,NA,NA,NA,NA,65,NA,52,"0110171F62","BT297","Lodge","VRG","NA","N"
"343","PABU",2019-06-08,"GA",0,"LSSI",NA,NA,2521,NA,"A","Y","ASY","F",14.8,NA,NA,NA,NA,NA,64,NA,52,"011016FBAB","NA","Lodge","VRG","Didn't get band number","Y"
"344","PABU",2019-06-08,"GA",0,"LSSI",NA,NA,2811,18321,"A","Y","ASY","M",16.2,NA,NA,NA,NA,NA,70,NA,58,"0110174DA4","BT193","Lodge","VRG","NA","N"
"345","PABU",2019-06-09,"GA",0,"LSSI",NA,NA,2811,18322,"A","Y","ASY","F",NA,NA,NA,NA,NA,NA,64,NA,51,"NA","NA","BR","CR","NA","N"
"346","PABU",2019-06-09,"GA",0,"LSSI",NA,NA,2811,18323,"A","Y","ASY","F",NA,NA,NA,NA,NA,NA,67,NA,54,"0110174BE3","NA","BR","CR","NA","N"
"347","PABU",2019-06-09,"GA",0,"LSSI",NA,NA,2811,18324,"A","Y","AHY","F",NA,NA,NA,NA,NA,NA,64,NA,54,"011016FB06","NA","BR","CR","NA","N"
"348","PABU",2019-06-09,"GA",0,"LSSI",NA,NA,2811,18325,"A","Y","AHY","F",NA,NA,NA,NA,NA,NA,64,NA,50,"0110170F1F","NA","BR","CR","NA","N"
"349","PABU",2019-06-09,"GA",0,"LSSI",NA,NA,2811,18450,"A","Y","SY","M",NA,NA,NA,NA,NA,NA,69,NA,54,"0110174DA7","NA","BR","CR","NA","N"
"350","PABU",2019-06-09,"GA",0,"LSSI",NA,NA,2811,18401,"A","Y","SY","M",NA,NA,NA,NA,NA,NA,67,NA,54,"011016F9E7","NA","BR","VRG","NA","N"
"351","PABU",2019-06-09,"GA",0,"LSSI",NA,NA,2811,18402,"A","Y","SY","M",NA,NA,NA,NA,NA,NA,63,NA,50,"011016FA83","NA","BR","VRG","NA","N"
"352","PABU",2019-06-09,"GA",0,"LSSI",NA,NA,2521,44725,"A","Y","ASY","F",NA,NA,NA,NA,NA,NA,63,NA,NA,"0110171C23","NA","BR","VRG","NA","Y"
"353","PABU",2019-06-09,"GA",0,"LSSI",NA,NA,2811,18403,"A","Y","ASY","M",NA,NA,NA,NA,NA,NA,63,NA,NA,"011016FCB7","NA","BR","CR","NA","N"
"354","PABU",2019-06-09,"GA",0,"LSSI",NA,NA,2811,18404,"A","Y","ASY","M",NA,NA,NA,NA,NA,NA,69,NA,55,"110173798","NA","BR","VRG","NA","N"
"355","PABU",2019-06-09,"GA",0,"LSSI",NA,NA,2811,18405,"A","Y","ASY","M",NA,NA,NA,NA,NA,NA,68,NA,54,"0110174CBC","NA","BR","VRG","NA","N"
"356","PABU",2019-06-09,"GA",0,"LSSI",NA,NA,2811,18406,"A","Y","AHY","F",NA,NA,NA,NA,NA,NA,64,NA,51,"01101746B7","NA","BR","VRG","NA","N"
"357","PABU",2019-06-10,"GA",0,"LSSI",NA,NA,2811,18407,"A","Y","ASY","M",NA,NA,NA,NA,NA,NA,74,NA,60,"011016FD70","NA","BR","VRG","NA","N"
"358","PABU",2019-06-10,"GA",0,"LSSI",NA,NA,2521,44724,"A","Y","ASY","M",NA,NA,NA,NA,NA,NA,70,NA,55,"0110174FBA","NA","BR","VRG","NA","Y"
"359","PABU",2019-06-10,"GA",0,"LSSI",NA,NA,2811,18408,"A","Y","ASY","M",NA,NA,NA,NA,NA,NA,67,NA,50,"011016FAB7","NA","BR","VRG","NA","N"
"360","PABU",2019-06-10,"GA",0,"LSSI",NA,NA,2811,18409,"A","Y","SY","M",NA,NA,NA,NA,NA,NA,65,NA,52,"011016FE1E","NA","BR","VRG","NA","N"
"361","PABU",2019-06-10,"GA",0,"LSSI",NA,NA,2811,18410,"A","Y","AHY","F",14.5,NA,NA,NA,NA,NA,66,NA,55,"0110174D38","NA","BR","CR","NA","N"
"362","PABU",2019-06-10,"GA",0,"LSSI",NA,NA,2521,44727,"A","Y","ASY","F",17,NA,NA,NA,NA,NA,68.5,NA,55,"0100172A81","NA","BR","CR","Removed A/R,O","Y"
"363","PABU",2019-06-10,"GA",0,"LSSI",NA,NA,2811,18411,"A","Y","AHY","F",15,NA,NA,NA,NA,NA,65,NA,54,"011016FE44","NA","BR","CR","NA","N"
"364","PABU",2019-06-10,"GA",0,"LSSI",NA,NA,2521,44733,"A","Y","ASY","F",16.2,NA,NA,NA,NA,NA,65,NA,56,"110171817","NA","BR","CR","NA","Y"
"365","PABU",2019-06-10,"GA",0,"LSSI",NA,NA,2521,44731,"A","Y","ASY","F",14.9,NA,NA,NA,NA,NA,63,NA,51,"011017181F","NA","BR","CR","NA","Y"
"366","PABU",2019-06-10,"GA",0,"LSSI",NA,NA,2020,48901,"A","Y","ASY","M",NA,NA,NA,NA,NA,NA,72,NA,58,"0110174F03","NA","BR","CR","Recovered BF539","Y"
"367","PABU",2019-06-13,"SC",0,"BFT",NA,NA,2811,18412,"A","Pi","ASY","M",NA,NA,NA,NA,NA,NA,69,19.2,55,"01101712F9","NA","1","CR","NA","N"
"368","PABU",2019-06-13,"SC",0,"BFT",NA,NA,2811,18413,"A","Pi","ASY","M",NA,NA,NA,NA,NA,NA,68,17.8,56,"01103F68AE","NA","1","CR","NA","N"
"369","PABU",2019-06-13,"SC",0,"BFT",NA,NA,2811,18414,"A","Pi","AHY","F",NA,NA,NA,NA,NA,NA,64,NA,53,"011016DB63","NA","1","CR","NA","N"
"370","PABU",2019-06-13,"SC",0,"BFT",NA,NA,2811,18415,"A","Pi","ASY","F",NA,NA,NA,NA,NA,NA,65,NA,53,"0110170A5E","NA","1","CR","NA","N"
"371","BCCH",NA,"UT",NA,"USU",NA,NA,2870,35201,"A","Bk","U","F",11.9,NA,NA,NA,NA,NA,66,NA,64,"011016C2D3",NA,"JQL","AJS",NA,"N"
"372","BCCH",2019-04-03,"UT",0,"USU",NA,NA,2870,35202,"A","Bk","U","M",NA,NA,NA,NA,NA,NA,NA,NA,NA,"01103F600F",NA,"JQL","AJS","Not sure which leg got the RFID","N"
"373","BCCH",2019-04-03,"UT",0,"USU",NA,NA,2870,35203,"A","Bk","U","M",NA,NA,NA,NA,NA,NA,NA,NA,NA,"0110171A11",NA,"JQL","AJS","Not sure which leg got the RFID","N"
"374","BCCH",2019-05-26,"UT",0,"DC",NA,NA,2870,35204,"A","Bk","ASY","U",12,0,NA,NA,NA,NA,67,19,66,"011016C5DF",NA,NA,"AMV",NA,"N"
"375","BCCH",2019-05-29,"UT",0,"CG",NA,NA,2870,35205,"A","Bk","SY","U",10.8,0,NA,NA,NA,NA,66,18.22,67,"01103F7FF5",NA,NA,"AMV",NA,"N"
"376","BCCH",2019-06-10,"UT",0,"CG",NA,NA,2870,35206,"A","Bk","SY","U",11,0,NA,6.02,4.04,3.76,63,16.01,64,"011016D096",NA,NA,"AMV","PARTICAL BP (LOOK UP M VS F BPs)","N"
"377","BCCH",2019-07-05,"UT",0,"CG",NA,NA,2870,35207,"A","Bk","SY","F",12.1,0,NA,7.97,3,3.89,63,17.66,68,"011013F39BA",NA,NA,"AMV","FULL BP, SYM FF MOLT THROUGH P3/S1, ALL GR COVS 20%","N"
